feature,IL_WELCH2016_CG,IN_PENG2025,NE_BLANCO2017
best_ndti,0.89375,0.5833333333333334,0.5555555555555556
best_ndvi,0.93125,0.6944444444444444,0.7333333333333333
best_ndvi_rel,0.80625,0.8611111111111112,0.9555555555555556
et_best,0.60625,0.5277777777777778,
n_green,0.928125,0.5833333333333334,0.8
ndvi_int,0.94375,0.5833333333333334,0.8
off_ndvi_mean,0.94375,0.6944444444444444,0.8666666666666667
peak_win,0.6,0.2777777777777778,0.5
term_drop,0.88125,0.6111111111111112,0.6888888888888889
up_slope,0.8375,0.5555555555555556,0.7333333333333333
