site,field_uid,season,cc_present,role,label_source,label_confidence,n_win_off,n_obs_off,n_green,ndvi_int,off_ndvi_mean,best_ndvi,best_ndvi_rel,best_ndti,up_slope,term_drop,peak_win,et_best,term_known
IN_PENG2025,IN_PENG2025_CCNT,2018-19,1,cc_treatment,paper,low,23,6,0,0.4334319877624512,0.2355608791112899,0.2452602386474609,0.0093449922278523,0.1447515487670898,0.0235781222581863,0.0047114491462707,7.0,1.4588842391967771,False
IN_PENG2025,IN_PENG2025_CCNT,2019-20,1,cc_treatment,paper,medium,24,12,192,0.96809330701828,0.5042152404785156,0.4879731237888336,0.0420119166374206,0.2242746353149414,0.0701810717582702,0.0856075584888458,26.0,1.8117631673812864,False
IN_PENG2025,IN_PENG2025_CCNT,2020-21,1,cc_treatment,paper,high,24,13,32,0.5170329296588898,0.2692879736423492,0.4089535176753998,0.0488710552453994,0.1708739846944809,0.078859269618988,0.207695186138153,188.0,1.8135030269622805,False
IN_PENG2025,IN_PENG2025_CCNT,2021-22,1,cc_treatment,paper,high,22,15,104,0.5573458850383759,0.3166738152503967,0.2898266017436981,0.0013234764337539,0.1386352479457855,0.0250953733921051,0.027618795633316,92.0,2.937190055847168,True
IN_PENG2025,IN_PENG2025_CCNT,2022-23,1,cc_treatment,paper,high,23,16,48,0.4926599228382111,0.2677499651908874,0.3854717016220093,0.0504936128854751,0.1687935590744018,0.0513208508491516,0.1319777965545654,180.0,2.335895776748657,True
IN_PENG2025,IN_PENG2025_CCNT,2023-24,1,cc_treatment,paper,high,22,21,64,0.5346233475208283,0.3037632703781128,0.3987179696559906,-0.0120614888146519,0.1848093271255493,0.0913030505180358,0.137662649154663,162.0,2.3640124797821045,True
IN_PENG2025,IN_PENG2025_NT,2018-19,0,nt_control,paper,medium,24,6,0,0.4119833528995514,0.2145746499300003,0.2434209287166595,-0.0107188941910862,0.155614748597145,0.0202737748622894,0.0026996731758117,191.0,1.8124338388442995,False
IN_PENG2025,IN_PENG2025_NT,2019-20,0,nt_control,paper,medium,25,15,192,0.7393866682052612,0.3696933388710022,0.3844583034515381,-0.0388861000537872,0.1692255139350891,0.070209264755249,0.0905494689941406,26.0,2.03821873664856,False
IN_PENG2025,IN_PENG2025_NT,2020-21,0,nt_control,paper,medium,24,13,24,0.4310246050357819,0.224491998553276,0.3112114071846008,-0.04887106269598,0.1482913196086883,0.0426171123981475,0.0443056225776672,180.0,1.767392873764038,False
IN_PENG2025,IN_PENG2025_NT,2021-22,0,nt_control,paper,high,24,17,72,0.5561671936511994,0.2896704077720642,0.2810247540473938,-0.0019130825530737,0.1391468942165374,0.0267762839794158,0.0451060235500335,111.0,2.5941879749298096,False
IN_PENG2025,IN_PENG2025_NT,2022-23,0,nt_control,paper,high,25,19,16,0.4341591870784759,0.2170795947313308,0.2844844758510589,-0.0504936091601848,0.1478383690118789,0.0627457797527313,0.0750371068716049,194.0,2.2918241024017334,False
IN_PENG2025,IN_PENG2025_NT,2023-24,0,nt_control,paper,high,24,24,56,0.5618414103984832,0.2926257252693176,0.4228409230709076,0.0120614767074584,0.1922318041324615,0.0902730524539947,0.1526172757148742,181.0,2.2603535652160645,False
IL_WELCH2016_CG,IL_WELCH2016_CG_375916,2017-18,0,neighbour_control,ndvi_inferred,medium,25,10,0,0.5281288957595826,0.2640644311904907,0.2679967284202575,-0.3333706259727478,0.0737142115831375,0.0060747265815734,0.0064962804317474,3.0,4.6004252433776855,False
IL_WELCH2016_CG,IL_WELCH2016_CG_375916,2019-20,0,neighbour_control,ndvi_inferred,medium,26,12,32,0.5921768712997436,0.2847004234790802,0.276914119720459,-0.0171498116105794,0.1524903923273086,0.0214631855487823,0.0163771510124206,1.0,2.3591530323028564,False
IL_WELCH2016_CG,IL_WELCH2016_CG_375916,2020-21,0,neighbour_control,ndvi_inferred,medium,27,22,32,0.5777368485927582,0.2674707770347595,0.3121143579483032,-0.1328882873058319,0.1024617925286293,0.0273898541927337,0.0754597187042236,194.0,2.3693718910217285,False
IL_WELCH2016_CG,IL_WELCH2016_CG_375919,2017-18,0,neighbour_control,ndvi_inferred,medium,27,14,0,0.518265768289566,0.2399378418922424,0.2408410608768463,-0.3605263233184814,0.0783758834004402,0.003786489367485,0.0027495920658111,2.0,4.979034423828125,False
IL_WELCH2016_CG,IL_WELCH2016_CG_375919,2018-19,0,neighbour_control,ndvi_inferred,medium,25,14,24,0.5353452241420746,0.2676726281642914,0.2622173428535461,-0.0504378676414489,0.1063503623008728,0.0142566859722137,0.0641556233167648,54.0,1.4793550968170166,False
IL_WELCH2016_CG,IL_WELCH2016_CG_375919,2019-20,0,neighbour_control,ndvi_inferred,medium,28,16,136,0.7286476302146911,0.3252891004085541,0.2785716354846954,-0.0154923079535365,0.1184443682432174,0.0110192894935607,-0.0106413662433624,112.0,2.192951440811157,False
IL_WELCH2016_CG,IL_WELCH2016_CG_375919,2020-21,0,neighbour_control,ndvi_inferred,medium,25,20,8,0.5150109469890595,0.2575055062770843,0.2479733675718307,-0.1970292925834655,0.0710686072707176,0.0255522727966308,0.0108270347118377,3.0,2.098012685775757,False
IL_WELCH2016_CG,IL_WELCH2016_CG_359497,2017-18,1,candidate_same_farm,ndvi_inferred,high,36,21,288,1.5440657043457031,0.5361339449882507,0.4912455081939697,-0.1101218909025192,0.2165861129760742,0.0963164865970611,0.1756929457187652,23.0,4.157641410827637,False
IL_WELCH2016_CG,IL_WELCH2016_CG_359497,2018-19,0,candidate_same_farm,ndvi_inferred,medium,25,14,32,0.4811511313915252,0.2405755668878555,0.2903290688991546,-0.022326111793518,0.1563318818807602,0.0253888368606567,0.0269615650177001,6.0,1.3973605632781982,False
IL_WELCH2016_CG,IL_WELCH2016_CG_359497,2019-20,0,candidate_same_farm,ndvi_inferred,medium,28,16,128,0.7887985050678253,0.3521421551704407,0.2750432789325714,-0.0190206561237573,0.0619701743125915,0.0257167518138885,0.0055365860462188,0.0,2.1379799842834477,False
IL_WELCH2016_CG,IL_WELCH2016_CG_359481,2017-18,1,candidate_same_farm,ndvi_inferred,high,36,19,288,1.821878433227539,0.6325966715812683,0.6824960112571716,0.0811285972595214,0.2731116414070129,0.1123404502868652,0.2573045492172241,39.0,4.715550422668457,False
IL_WELCH2016_CG,IL_WELCH2016_CG_359481,2018-19,0,candidate_same_farm,ndvi_inferred,medium,25,13,16,0.4896942007541656,0.2448471039533615,0.2634957134723663,-0.0491594709455966,0.1411221921443939,0.0170191973447799,0.0520596504211425,22.0,1.4252394437789917,False
IL_WELCH2016_CG,IL_WELCH2016_CG_359481,2019-20,0,candidate_same_farm,ndvi_inferred,medium,28,14,128,0.7937868130207062,0.3543691039085388,0.2891834378242492,-0.0048804967664182,0.0768952295184135,0.0438322573900222,0.0109838545322418,0.0,1.7656738758087158,False
IL_WELCH2016_CG,IL_WELCH2016_CG_359540,2018-19,1,candidate_same_farm,ndvi_inferred,high,37,23,296,1.7421132469177243,0.5885517597198486,0.5546046495437622,0.241949513554573,0.2084836214780807,0.0944030880928039,0.1010791361331939,10.0,1.6325314044952393,False
IL_WELCH2016_CG,IL_WELCH2016_CG_359540,2019-20,1,candidate_same_farm,ndvi_inferred,medium,26,12,88,0.625414525270462,0.3006800413131714,0.2876103520393371,-0.0064535648562014,0.0762238129973411,0.0195683687925338,0.036166176199913,97.0,2.0362887382507324,False
IL_WELCH2016_CG,IL_WELCH2016_CG_375396,2018-19,1,candidate_same_farm,ndvi_inferred,high,27,16,216,1.0792031598091123,0.4996310770511627,0.5730390548706055,0.2603839039802551,0.2304263561964035,0.0742430686950683,0.4803080856800079,5.0,1.6145864725112915,False
IL_WELCH2016_CG,IL_WELCH2016_CG_375396,2019-20,1,candidate_same_farm,ndvi_inferred,high,26,11,160,0.8634409964084625,0.4151158332824707,0.6169130802154541,0.3228491544723511,0.2495147734880447,0.027809739112854,0.128941535949707,201.0,1.809124231338501,False
IL_WELCH2016_CG,IL_WELCH2016_CG_375396,2020-21,0,candidate_same_farm,ndvi_inferred,medium,27,21,216,0.9312121510505676,0.4311167299747467,0.463167279958725,0.0181646589189767,0.1783771216869354,0.0624891519546508,0.2945101261138916,194.0,1.9896968603134155,False
IL_WELCH2016_CG,IL_WELCH2016_CG_375814,2017-18,1,candidate_same_farm,ndvi_inferred,high,36,20,288,1.7029032397270203,0.5912858843803406,0.6418159604072571,0.0404485389590263,0.2548165023326874,0.1262279748916626,0.1593806147575378,23.0,4.938583850860596,False
IL_WELCH2016_CG,IL_WELCH2016_CG_375814,2018-19,0,candidate_same_farm,ndvi_inferred,medium,25,13,32,0.4962067270278931,0.2481033504009246,0.3167215883731842,0.0040664197877049,0.1570688337087631,0.0398440361022949,0.2054370939731598,198.0,1.5004609823226929,False
IL_WELCH2016_CG,IL_WELCH2016_CG_375814,2019-20,0,candidate_same_farm,ndvi_inferred,medium,28,15,168,0.8421413969993591,0.3759559690952301,0.3893663287162781,0.095302440226078,0.1235913038253784,0.1058293282985687,0.0714071393013,0.0,2.2134413719177246,False
IL_WELCH2016_CG,IL_WELCH2016_CG_375876,2017-18,0,neighbour_control,ndvi_inferred,medium,27,13,24,0.598207221031189,0.2769477963447571,0.2715953588485718,-0.3297720551490783,0.0834759771823883,0.003984123468399,0.0210896730422973,2.0,5.006234645843506,False
IL_WELCH2016_CG,IL_WELCH2016_CG_375876,2018-19,0,neighbour_control,ndvi_inferred,medium,25,14,40,0.5451840031147003,0.2725920081138611,0.3194577395915985,0.0068025649525225,0.1553056538105011,0.0270762145519256,0.1052074134349823,198.0,1.4667699337005615,False
IL_WELCH2016_CG,IL_WELCH2016_CG_375876,2019-20,0,neighbour_control,ndvi_inferred,medium,28,18,176,0.7903294253349304,0.3528256416320801,0.2941880226135254,0.0001241028367076,0.1178949847817421,0.0182718634605407,-0.0047367811203002,0.0,2.1859302520751958,False
IL_WELCH2016_CG,IL_WELCH2016_CG_375876,2020-21,0,neighbour_control,ndvi_inferred,medium,25,20,16,0.5246736526489257,0.2623368203639984,0.2987498939037323,-0.146252766251564,0.1061720624566078,0.0281765162944793,0.0222688615322113,171.0,2.452291965484619,False
IL_WELCH2016_CG,IL_WELCH2016_CG_376307,2017-18,1,candidate_same_farm,ndvi_inferred,high,36,20,288,1.6951659941673278,0.5885993838310242,0.6013674139976501,0.0,0.2573618292808532,0.1170326471328735,0.2321139872074127,39.0,4.122358798980713,False
IL_WELCH2016_CG,IL_WELCH2016_CG_376307,2018-19,0,candidate_same_farm,ndvi_inferred,medium,25,12,40,0.5259960782527924,0.2629980146884918,0.3115388751029968,-0.0011162876617163,0.1501757800579071,0.0321308076381683,0.0335764586925506,190.0,1.4324976205825806,False
IL_WELCH2016_CG,IL_WELCH2016_CG_376307,2019-20,0,candidate_same_farm,ndvi_inferred,medium,28,15,184,1.0111727571487428,0.451416403055191,0.3590527176856994,0.0649887770414352,0.1022424474358558,0.0977831780910492,0.0537665486335754,88.0,3.03669810295105,False
NE_BLANCO2017,NE_BLANCO2017_T1,2013-14,1,cc_treatment,paper+ndvi,medium,11,13,16,0.4097043013572692,0.232786551117897,0.2105421870946884,0.0042956918478012,0.1046169102191925,0.0037972778081893,0.0075292587280273,11.0,,True
NE_BLANCO2017,NE_BLANCO2017_T1,2014-15,1,cc_treatment,paper+ndvi,medium,11,9,16,0.4243437767028808,0.2411044090986251,0.2358611524105072,0.0159245654940605,0.1541468799114227,0.023575410246849,-0.013769119977951,14.0,,True
NE_BLANCO2017,NE_BLANCO2017_T1,2015-16,1,cc_treatment,paper+ndvi,high,20,8,171,0.619803711771965,0.3295553624629974,0.3845443725585937,0.1443343609571457,0.1610944420099258,0.0525021851062774,0.0281226336956024,1.0,,True
NE_BLANCO2017,NE_BLANCO2017_C1,2013-14,0,neighbour_control,ndvi_inferred,low,11,12,0,0.362676637172699,0.2060662657022476,0.2053011059761047,0.0016315430402755,0.1568072140216827,0.0062066912651062,-0.0031823366880416,11.0,,False
NE_BLANCO2017,NE_BLANCO2017_C1,2014-15,0,neighbour_control,ndvi_inferred,low,11,9,0,0.3936209154129028,0.2236482501029968,0.2157730907201767,0.0004914154415018,0.1081227138638496,0.0144051164388656,-0.0139981061220169,14.0,,False
NE_BLANCO2017,NE_BLANCO2017_C1,2015-16,0,neighbour_control,ndvi_inferred,medium,20,8,0,0.4561291171610355,0.2422216832637787,0.2415161877870559,0.0024903924204409,0.1412986814975738,0.0026705116033554,0.0004642158746719,1.0,,False
NE_BLANCO2017,NE_BLANCO2017_C2,2013-14,0,neighbour_control,ndvi_inferred,low,11,11,0,0.3742685866355896,0.2126525938510894,0.2009806334972381,-0.0026889219880104,0.1438445448875427,0.0062157958745956,-0.0062157958745956,11.0,,False
NE_BLANCO2017,NE_BLANCO2017_C2,2014-15,0,neighbour_control,ndvi_inferred,low,11,9,0,0.3998476862907409,0.2271861881017685,0.2226853519678115,0.0074036917649209,0.0917787030339241,0.0160539150238037,-0.0027625262737274,14.0,,False
NE_BLANCO2017,NE_BLANCO2017_C2,2015-16,0,neighbour_control,ndvi_inferred,medium,20,9,32,0.4857587991654873,0.2527843713760376,0.2386351823806762,-0.0003906101046595,0.1447011530399322,0.0028782188892364,0.0031527280807495,1.0,,False
NE_BLANCO2017,NE_BLANCO2017_C3,2013-14,0,neighbour_control,ndvi_inferred,low,11,13,16,0.3926708722114563,0.2231084406375885,0.2114544063806533,0.0077848434448242,0.1624801754951477,0.0123855173587799,-0.0044230371713638,11.0,,False
NE_BLANCO2017,NE_BLANCO2017_C3,2014-15,0,neighbour_control,ndvi_inferred,low,11,9,16,0.4084635782241821,0.2320815622806549,0.2149991542100906,-0.0002825061383191,0.1635861843824386,0.0105022937059402,-0.0011850148439407,14.0,,False
NE_BLANCO2017,NE_BLANCO2017_C3,2015-16,0,neighbour_control,ndvi_inferred,medium,20,8,0,0.4563308268785476,0.2415805160999298,0.2398249208927154,0.000799125409685,0.1330271810293197,0.0045219808816909,-0.0020038038492202,1.0,,False
NE_BLANCO2017,NE_BLANCO2017_C4,2013-14,0,neighbour_control,ndvi_inferred,low,11,12,16,0.3848004245758056,0.2186365723609924,0.2003087401390075,-0.0033608153462409,0.1558775007724762,0.0055098980665206,-0.0006424635648727,11.0,,False
NE_BLANCO2017,NE_BLANCO2017_C4,2014-15,0,neighbour_control,ndvi_inferred,low,11,8,16,0.4077885627746582,0.2316980361938476,0.1904548853635788,-0.024826779961586,0.1408223062753677,0.0065012276172637,-0.0048043429851531,14.0,,False
NE_BLANCO2017,NE_BLANCO2017_C4,2015-16,0,neighbour_control,ndvi_inferred,medium,20,8,32,0.4301248709857463,0.2182714641094207,0.2116158902645111,-0.0274098999798297,0.1387080997228622,0.0089381486177444,-0.0053071826696395,1.0,,False
NE_BLANCO2017,NE_BLANCO2017_C5,2013-14,0,neighbour_control,ndvi_inferred,low,11,12,0,0.3164799785614013,0.1798181682825088,0.1847324669361114,-0.0189370885491371,0.1438130438327789,0.002449482679367,-0.0019694119691848,11.0,,False
NE_BLANCO2017,NE_BLANCO2017_C5,2014-15,0,neighbour_control,ndvi_inferred,low,11,7,0,0.3773988485336303,0.2144311517477035,0.2029094249010086,-0.0123722404241561,0.1320138722658157,0.0223009586334228,-0.0088222175836563,14.0,,False
NE_BLANCO2017,NE_BLANCO2017_C5,2015-16,0,neighbour_control,ndvi_inferred,medium,20,8,16,0.4204156459867954,0.2178654670715332,0.2182532101869583,-0.0207725670188665,0.1145559549331665,0.010218396782875,0.0001313090324401,1.0,,False
