feature,auc,med_cc,med_no,thr,sens,spec
best_ndvi_rel,0.80625,0.060788568109273855,-0.01808523386716835,0.0181646589189767,0.625,0.9
best_ndvi,0.93125,0.5872032344341278,0.2897562533617019,0.463167279958725,0.875,1.0
n_green,0.928125,288.0,32.0,184.0,0.75,0.95
ndvi_int,0.94375,1.6196158492565154,0.5614604258537292,0.8421413969993591,0.875,0.9
off_ndvi_mean,0.94375,0.5623428523540497,0.27013231813907623,0.3759559690952301,0.875,0.9
up_slope,0.8375,0.0953597873449325,0.02563451230525965,0.0624891519546508,0.75,0.9
term_drop,0.88125,0.1675367802381515,0.0246152132749557,0.0754597187042236,0.875,0.85
peak_win,0.6,31.0,14.0,3.0,1.0,0.45
best_ndti,0.89375,0.23997056484222412,0.11212267354130745,0.1783771216869354,0.875,1.0
et_best,0.60625,3.0793237686157227,2.1619551181793217,3.03669810295105,0.5,0.85
