field_uid,season,cc_present,role,label_source,label_confidence,n_win_off,n_obs_off,n_green,ndvi_int,off_ndvi_mean,best_ndvi,best_ndvi_rel,best_ndti,up_slope,term_drop,peak_win,et_best,term_known
IN_PENG2025_CCNT,2018-19,1,cc_treatment,paper,low,23,6,0,0.4334319877624512,0.23556087911128998,0.24526023864746094,0.009344992227852345,0.14475154876708984,0.02357812225818634,0.004711449146270752,7.0,1.4588842391967773,False
IN_PENG2025_CCNT,2019-20,1,cc_treatment,paper,medium,24,12,192,0.96809330701828,0.5042152404785156,0.4879731237888336,0.042011916637420654,0.2242746353149414,0.07018107175827026,0.08560755848884583,26.0,1.8117631673812866,False
IN_PENG2025_CCNT,2020-21,1,cc_treatment,paper,high,24,13,32,0.5170329296588898,0.26928797364234924,0.4089535176753998,0.048871055245399475,0.1708739846944809,0.07885926961898804,0.20769518613815308,188.0,1.8135030269622803,False
IN_PENG2025_CCNT,2021-22,1,cc_treatment,paper,high,22,15,104,0.5573458850383759,0.31667381525039673,0.2898266017436981,0.0013234764337539673,0.13863524794578552,0.025095373392105103,0.02761879563331604,92.0,2.937190055847168,True
IN_PENG2025_CCNT,2022-23,1,cc_treatment,paper,high,23,16,48,0.4926599228382111,0.26774996519088745,0.3854717016220093,0.05049361288547516,0.16879355907440186,0.05132085084915161,0.13197779655456543,180.0,2.3358957767486572,True
IN_PENG2025_CCNT,2023-24,1,cc_treatment,paper,high,22,21,64,0.5346233475208283,0.3037632703781128,0.3987179696559906,-0.012061488814651966,0.18480932712554932,0.09130305051803589,0.13766264915466309,162.0,2.3640124797821045,True
IN_PENG2025_NT,2018-19,0,nt_control,paper,medium,24,6,0,0.4119833528995514,0.2145746499300003,0.24342092871665955,-0.010718894191086292,0.15561474859714508,0.02027377486228943,0.0026996731758117676,191.0,1.8124338388442993,False
IN_PENG2025_NT,2019-20,0,nt_control,paper,medium,25,15,192,0.7393866682052612,0.3696933388710022,0.3844583034515381,-0.03888610005378723,0.1692255139350891,0.07020926475524902,0.09054946899414062,26.0,2.0382187366485596,False
IN_PENG2025_NT,2020-21,0,nt_control,paper,medium,24,13,24,0.4310246050357819,0.22449199855327606,0.31121140718460083,-0.04887106269598007,0.14829131960868835,0.04261711239814758,0.044305622577667236,180.0,1.767392873764038,False
IN_PENG2025_NT,2021-22,0,nt_control,paper,high,24,17,72,0.5561671936511994,0.2896704077720642,0.2810247540473938,-0.0019130825530737638,0.13914689421653748,0.026776283979415894,0.04510602355003357,111.0,2.5941879749298096,False
IN_PENG2025_NT,2022-23,0,nt_control,paper,high,25,19,16,0.43415918707847595,0.21707959473133087,0.28448447585105896,-0.05049360916018486,0.14783836901187897,0.06274577975273132,0.07503710687160492,194.0,2.2918241024017334,False
IN_PENG2025_NT,2023-24,0,nt_control,paper,high,24,24,56,0.5618414103984832,0.2926257252693176,0.4228409230709076,0.012061476707458496,0.19223180413246155,0.09027305245399475,0.15261727571487427,181.0,2.2603535652160645,False
