field_uid,season,cc_present,window_start,window_end,role,label_source,label_confidence,n_px,et_spring,n_green,ndvi_int,peak_win,spring_rel,term_drop,up_slope
IN_PENG2025_CCNT,2018-19,1,2019-03-01,2019-05-15,cc_treatment,paper,low,178,1.6704012155532837,6.966291904449463,0.17506727576255798,71.0,-0.03577365353703499,0.013023098930716515,0.025728514418005943
IN_PENG2025_CCNT,2019-20,1,2020-03-01,2020-05-15,cc_treatment,paper,medium,178,1.844535231590271,78.11235809326172,0.3611278831958771,45.58427047729492,-0.00457778200507164,0.09254922717809677,0.07531560212373734
IN_PENG2025_CCNT,2020-21,1,2021-03-01,2021-05-15,cc_treatment,paper,high,178,1.7094606161117554,35.325843811035156,0.24185335636138916,67.05618286132812,0.00722899055108428,0.20873324573040009,0.08297863602638245
IN_PENG2025_CCNT,2021-22,1,2022-03-01,2022-05-16,cc_treatment,paper,high,178,2.4693148136138916,10.202247619628906,0.19481614232063293,68.7977523803711,0.006979504134505987,0.03542507812380791,0.02722424827516079
IN_PENG2025_CCNT,2022-23,1,2022-06-27,2023-05-18,cc_treatment,paper,high,178,2.2926225662231445,185.03370666503906,1.4747618436813354,52.191009521484375,0.0568946935236454,0.1319776177406311,0.06613101065158844
IN_PENG2025_CCNT,2023-24,1,2024-03-01,2024-05-15,cc_treatment,paper,high,178,2.3103082180023193,38.47190856933594,0.24776145815849304,61.21348190307617,0.04882237687706947,0.13907882571220398,0.09134206920862198
IN_PENG2025_NT,2018-19,0,2019-03-01,2019-05-15,nt_control,paper,medium,147,1.7018009424209595,1.9047619104385376,0.16099639236927032,71.0,-0.057211440056562424,0.006230820436030626,0.021188538521528244
IN_PENG2025_NT,2019-20,0,2020-03-01,2020-05-15,nt_control,paper,medium,147,1.9494729042053223,69.6054458618164,0.29276737570762634,45.8979606628418,-0.08234994858503342,0.09888844192028046,0.07223447412252426
IN_PENG2025_NT,2020-21,0,2021-03-01,2021-05-15,nt_control,paper,medium,147,1.7696599960327148,18.612245559692383,0.19150380790233612,63.80952453613281,-0.09051315486431122,0.07022763043642044,0.04936157539486885
IN_PENG2025_NT,2021-22,0,2022-03-01,2022-05-16,nt_control,paper,high,147,2.5686638355255127,10.176870346069336,0.18909719586372375,71.0,0.0031533092260360718,0.05033223703503609,0.026776261627674103
IN_PENG2025_NT,2022-23,0,2022-06-27,2023-05-18,nt_control,paper,high,147,2.3432912826538086,146.12245178222656,1.3879103660583496,47.8027229309082,-0.051461707800626755,0.0791252851486206,0.06307560205459595
IN_PENG2025_NT,2023-24,0,2024-03-01,2024-05-15,nt_control,paper,high,147,2.4356918334960938,41.95918273925781,0.2578854560852051,60.380950927734375,0.07294541597366333,0.15261724591255188,0.0907922312617302
