collection,id,datetime,clear_percent,instrument
desis,DESIS-HSI-L2A-DT0884295320_002-20230728T200936-V0220,2023-07-28T20:11:06.010539Z,,
desis,DESIS-HSI-L2A-DT0733829212_023-20220615T135422-V0217,2022-06-15T13:57:24.348392Z,,
planetiq,podTc2_GN04.2024.181.17.10.0033.E27.01_0000,2024-06-29T17:10:04Z,,
planetiq,podTc2_GN04.2024.175.07.12.0023.G09.01_0000,2024-06-23T07:12:30Z,,
planetiq,podTc2_GN04.2024.175.05.38.0026.G04.01_0000,2024-06-23T05:38:49Z,,
planetiq,podTc2_GN04.2024.169.16.54.0020.C27.00_0000,2024-06-17T16:54:00Z,,
planetiq,podTc2_GN04.2024.166.18.29.0020.G31.00_0000,2024-06-14T18:29:38Z,,
planetiq,podTc2_GN04.2024.163.16.58.0025.G06.01_0000,2024-06-11T16:58:09Z,,
planetiq,podTc2_GN04.2024.162.18.29.0020.C42.01_0000,2024-06-10T18:29:05Z,,
planetiq,podTc2_GN04.2024.161.22.55.0025.G05.01_0000,2024-06-09T22:55:02Z,,
planetiq,podTc2_GN04.2024.160.21.24.0026.C32.01_0000,2024-06-08T21:24:53Z,,
planetiq,podTc2_GN04.2024.160.03.51.0026.E08.00_0000,2024-06-08T03:51:53Z,,
planetiq,podTc2_GN04.2024.157.18.25.0020.E34.01_0000,2024-06-05T18:25:42Z,,
planetiq,podTc2_GN04.2024.157.18.23.0020.E09.01_0000,2024-06-05T18:23:58Z,,
planetiq,podTc2_GN04.2024.157.16.53.0033.G24.00_0000,2024-06-05T16:53:54Z,,
planetiq,podTc2_GN04.2024.156.18.26.0035.G31.01_0000,2024-06-04T18:26:44Z,,
planetiq,podTc2_GN04.2024.134.20.47.0032.R09.01_0000,2024-05-13T20:47:52Z,,
planetiq,podTc2_GN04.2024.133.17.55.0021.C27.00_0000,2024-05-12T17:55:33Z,,
planetiq,podTc2_GN04.2024.057.22.46.0026.G12.01_0000,2024-02-26T22:46:17Z,,
planetiq,podTc2_GN04.2024.056.16.05.0027.E34.00_0000,2024-02-25T16:05:29Z,,
planetiq,podTc2_GN04.2024.055.16.26.0028.C28.00_0000,2024-02-24T16:26:28Z,,
planetiq,podTc2_GN04.2024.054.06.33.0021.E07.00_0000,2024-02-23T06:33:00Z,,
planetiq,podTc2_GN04.2024.052.06.36.0020.C24.00_0000,2024-02-21T06:36:44Z,,
planetiq,podTc2_GN04.2024.051.16.33.0028.E12.00_0000,2024-02-20T16:33:45Z,,
planetiq,podTc2_GN04.2024.046.00.20.0021.E26.01_0000,2024-02-15T00:20:43Z,,
planetiq,podTc2_GN04.2024.044.16.30.0025.E13.01_0000,2024-02-13T16:30:14Z,,
planetiq,podTc2_GN04.2024.044.06.51.0021.G30.00_0000,2024-02-13T06:51:57Z,,
planetiq,podTc2_GN04.2024.043.00.26.0021.G12.00_0000,2024-02-12T00:26:06Z,,
planetiq,podTc2_GN04.2024.042.19.53.0023.C20.00_0000,2024-02-11T19:53:56Z,,
planetiq,podTc2_GN04.2024.040.19.54.0024.G17.00_0000,2024-02-09T19:54:47Z,,
planetiq,podTc2_GN04.2024.037.18.28.0020.E33.01_0000,2024-02-06T18:28:10Z,,
planetiq,podTc2_GN04.2024.036.21.51.0027.C23.01_0000,2024-02-05T21:51:05Z,,
planetiq,podTc2_GN04.2024.032.20.09.0024.C26.00_0000,2024-02-01T20:09:06Z,,
planetiq,podTc2_GN04.2024.032.02.16.0021.G25.00_0000,2024-02-01T02:16:07Z,,
planetiq,podTc2_GN04.2024.031.23.07.0024.E24.01_0000,2024-01-31T23:07:07Z,,
planetiq,podTc2_GN02.2024.030.08.04.0023.G23.01_0000,2024-01-30T08:04:13Z,,
planetiq,podTc2_GN04.2024.030.02.16.0024.E12.00_0000,2024-01-30T02:16:07Z,,
planetiq,podTc2_GN04.2024.029.07.17.0023.R16.00_0000,2024-01-29T07:17:30Z,,
planetiq,podTc2_GN02.2024.028.04.04.0040.G31.00_0000,2024-01-28T04:04:36Z,,
planetiq,podTc2_GN02.2024.027.00.13.0024.C39.00_0000,2024-01-27T00:13:12Z,,
planetiq,podTc2_GN02.2024.025.21.59.0015.C27.01_0000,2024-01-25T21:59:45Z,,
planetiq,podTc2_GN04.2024.025.20.23.0026.C29.00_0000,2024-01-25T20:23:35Z,,
planetiq,podTc2_GN04.2024.025.08.59.0025.C41.01_0000,2024-01-25T08:59:55Z,,
planetiq,podTc2_GN02.2024.024.13.14.0022.G04.00_0000,2024-01-24T13:14:30Z,,
planetiq,podTc2_GN04.2024.023.21.48.0026.G08.01_0000,2024-01-23T21:48:35Z,,
planetiq,podTc2_GN02.2024.023.12.31.0020.E26.01_0000,2024-01-23T12:31:04Z,,
planetiq,podTc2_GN04.2024.019.07.33.0024.G23.01_0000,2024-01-19T07:33:22Z,,
planetiq,podTc2_GN02.2024.019.06.11.0031.E03.00_0000,2024-01-19T06:11:37Z,,
planetiq,podTc2_GN04.2024.019.02.31.0023.E10.00_0000,2024-01-19T02:31:37Z,,
spire,ERROR,,,
planet,PSScene-20240621_164228_21_2483,2024-06-21T16:42:28.215598Z,75.0,PSB.SD
planet,PSScene-20240615_164349_73_2475,2024-06-15T16:43:49.738636Z,100.0,PSB.SD
planet,PSScene-20240615_163631_00_24e6,2024-06-15T16:36:31.000611Z,100.0,PSB.SD
planet,PSScene-20240613_164327_17_2446,2024-06-13T16:43:27.170227Z,94.0,PSB.SD
planet,PSScene-20240606_163812_21_24a4,2024-06-06T16:38:12.210618Z,100.0,PSB.SD
planet,PSScene-20240421_163621_09_24aa,2024-04-21T16:36:21.096172Z,69.0,PSB.SD
planet,PSScene-20240419_163814_28_24bd,2024-04-19T16:38:14.285224Z,86.0,PSB.SD
planet,PSScene-20240419_163811_99_24bd,2024-04-19T16:38:11.996054Z,99.0,PSB.SD
planet,PSScene-20240418_163940_78_24e8,2024-04-18T16:39:40.781404Z,52.0,PSB.SD
planet,PSScene-20240418_163938_51_24e8,2024-04-18T16:39:38.519294Z,3.0,PSB.SD
planet,PSScene-20240416_162802_75_2424,2024-04-16T16:28:02.751174Z,100.0,PSB.SD
planet,PSScene-20240416_162800_82_2424,2024-04-16T16:28:00.824222Z,99.0,PSB.SD
planet,PSScene-20240415_154227_78_24b6,2024-04-15T15:42:27.786449Z,100.0,PSB.SD
planet,PSScene-20240413_154540_09_24c5,2024-04-13T15:45:40.097391Z,100.0,PSB.SD
planet,PSScene-20240330_154329_81_24c0,2024-03-30T15:43:29.815609Z,99.0,PSB.SD
planet,PSScene-20240315_163857_29_24d2,2024-03-15T16:38:57.292871Z,99.0,PSB.SD
planet,PSScene-20240315_163855_04_24d2,2024-03-15T16:38:55.049183Z,100.0,PSB.SD
planet,PSScene-20231119_162108_51_2488,2023-11-19T16:21:08.51715Z,100.0,PSB.SD
planet,PSScene-20230915_153648_26_24bb,2023-09-15T15:36:48.266802Z,100.0,PSB.SD
planet,PSScene-20230915_153645_95_24bb,2023-09-15T15:36:45.956433Z,100.0,PSB.SD
planet,PSScene-20230914_161804_47_2438,2023-09-14T16:18:04.477708Z,67.0,PSB.SD
planet,PSScene-20230914_161802_36_2438,2023-09-14T16:18:02.364677Z,77.0,PSB.SD
planet,PSScene-20230913_153435_51_2451,2023-09-13T15:34:35.5182Z,100.0,PSB.SD
planet,PSScene-20230828_161721_82_2438,2023-08-28T16:17:21.821589Z,100.0,PSB.SD
planet,PSScene-20230828_161719_68_2438,2023-08-28T16:17:19.683455Z,100.0,PSB.SD
planet,PSScene-20230826_163958_97_2413,2023-08-26T16:39:58.979606Z,25.0,PSB.SD
planet,PSScene-20230730_153649_46_24b9,2023-07-30T15:36:49.460342Z,89.0,PSB.SD
planet,PSScene-20230727_153508_08_2465,2023-07-27T15:35:08.08224Z,96.0,PSB.SD
planet,PSScene-20230719_153402_46_2459,2023-07-19T15:34:02.46919Z,100.0,PSB.SD
planet,PSScene-20230719_153400_31_2459,2023-07-19T15:34:00.313869Z,100.0,PSB.SD
planet,PSScene-20230714_153238_38_2447,2023-07-14T15:32:38.387994Z,97.0,PSB.SD
planet,PSScene-20230617_161116_32_249e,2023-06-17T16:11:16.328355Z,67.0,PSB.SD
planet,PSScene-20230617_161114_17_249e,2023-06-17T16:11:14.174587Z,65.0,PSB.SD
planet,PSScene-20230604_154024_17_24a1,2023-06-04T15:40:24.173123Z,100.0,PSB.SD
planet,PSScene-20230604_154021_84_24a1,2023-06-04T15:40:21.84225Z,100.0,PSB.SD
planet,PSScene-20230603_153112_73_2447,2023-06-03T15:31:12.730039Z,85.0,PSB.SD
planet,PSScene-20230413_153722_55_242e,2023-04-13T15:37:22.551719Z,100.0,PSB.SD
planet,PSScene-20230412_160624_81_2461,2023-04-12T16:06:24.814967Z,100.0,PSB.SD
planet,PSScene-20230410_153032_39_2447,2023-04-10T15:30:32.391601Z,100.0,PSB.SD
planet,PSScene-20221010_161809_14_240c,2022-10-10T16:18:09.147578Z,100.0,PSB.SD
planet,PSScene-20221009_160827_11_248c,2022-10-09T16:08:27.116345Z,100.0,PSB.SD
planet,PSScene-20221009_160824_76_248c,2022-10-09T16:08:24.760254Z,100.0,PSB.SD
planet,PSScene-20221009_160034_09_2231,2022-10-09T16:00:34.090162Z,100.0,PSB.SD
planet,PSScene-20220923_160839_01_2498,2022-09-23T16:08:39.011088Z,100.0,PSB.SD
planet,PSScene-20220830_153152_66_241e,2022-08-30T15:31:52.666159Z,80.0,PSB.SD
planet,PSScene-20220830_153150_37_241e,2022-08-30T15:31:50.372959Z,97.0,PSB.SD
planet,PSScene-20220828_160025_34_222f,2022-08-28T16:00:25.345172Z,92.0,PSB.SD
planet,PSScene-20220828_160023_13_222f,2022-08-28T16:00:23.13426Z,100.0,PSB.SD
planet,PSScene-20220818_153050_20_245c,2022-08-18T15:30:50.207359Z,60.0,PSB.SD
planet,PSScene-20220818_153047_91_245c,2022-08-18T15:30:47.912079Z,80.0,PSB.SD
planet,PSScene-20220817_153828_10_2235,2022-08-17T15:38:28.109588Z,76.0,PSB.SD
planet,PSScene-20220709_153455_46_2427,2022-07-09T15:34:55.460799Z,100.0,PSB.SD
planet,PSScene-20220709_153453_16_2427,2022-07-09T15:34:53.167599Z,100.0,PSB.SD
planet,PSScene-20220702_162208_96_2403,2022-07-02T16:22:08.969786Z,93.0,PSB.SD
planet,PSScene-20220702_162206_68_2403,2022-07-02T16:22:06.681786Z,91.0,PSB.SD
planet,PSScene-20220628_153202_17_241f,2022-06-28T15:32:02.177451Z,100.0,PSB.SD
planet,PSScene-20220628_153159_88_241f,2022-06-28T15:31:59.883211Z,100.0,PSB.SD
planet,PSScene-20220624_153114_46_2428,2022-06-24T15:31:14.460974Z,100.0,PSB.SD
planet,PSScene-20220623_162316_64_2402,2022-06-23T16:23:16.647744Z,100.0,PSB.SD
planet,PSScene-20220622_162131_76_2403,2022-06-22T16:21:31.762625Z,94.0,PSB.SD
planet,PSScene-20220622_162129_47_2403,2022-06-22T16:21:29.474625Z,97.0,PSB.SD
planet,PSScene-20220621_160338_10_2484,2022-06-21T16:03:38.103121Z,100.0,PSB.SD
planet,PSScene-20220619_155236_54_2251,2022-06-19T15:52:36.544491Z,100.0,PSB.SD
planet,PSScene-20220618_153316_79_2457,2022-06-18T15:33:16.790465Z,100.0,PSB.SD
planet,PSScene-20220603_160714_90_2446,2022-06-03T16:07:14.90508Z,100.0,PSB.SD
planet,PSScene-20220603_160712_62_2446,2022-06-03T16:07:12.62124Z,100.0,PSB.SD
planet,PSScene-20220531_153349_53_2434,2022-05-31T15:33:49.533327Z,80.0,PSB.SD
planet,PSScene-20220530_160532_58_2490,2022-05-30T16:05:32.582623Z,99.0,PSB.SD
planet,PSScene-20220530_160530_29_2490,2022-05-30T16:05:30.297343Z,100.0,PSB.SD
planet,PSScene-20220514_162118_03_227a,2022-05-14T16:21:18.039797Z,48.0,PSB.SD
planet,PSScene-20220507_160346_34_248b,2022-05-07T16:03:46.341699Z,100.0,PSB.SD
planet,PSScene-20220507_160344_04_248b,2022-05-07T16:03:44.044415Z,100.0,PSB.SD
planet,PSScene-20220417_153419_94_2449,2022-04-17T15:34:19.945566Z,100.0,PSB.SD
planet,PSScene-20220417_153417_64_2449,2022-04-17T15:34:17.647686Z,98.0,PSB.SD
planet,PSScene-20220416_153421_88_2442,2022-04-16T15:34:21.889699Z,100.0,PSB.SD
planet,PSScene-20220416_153419_59_2442,2022-04-16T15:34:19.5913Z,100.0,PSB.SD
planet,PSScene-20220313_162210_35_241c,2022-03-13T16:22:10.354034Z,100.0,PSB.SD
planet,PSScene-20220313_162208_05_241c,2022-03-13T16:22:08.050434Z,91.0,PSB.SD
planet,PSScene-20211018_160244_1012,2021-10-18T16:02:44.945736Z,100.0,PS2
planet,PSScene-20211018_160243_1012,2021-10-18T16:02:43.929141Z,100.0,PS2
planet,PSScene-20210930_154237_32_2223,2021-09-30T15:42:37.326282Z,100.0,PSB.SD
planet,PSScene-20210930_154235_11_2223,2021-09-30T15:42:35.11537Z,100.0,PSB.SD
planet,PSScene-20210929_160334_1005,2021-09-29T16:03:34.579933Z,100.0,PS2
planet,PSScene-20210929_154209_74_222b,2021-09-29T15:42:09.740492Z,100.0,PSB.SD
planet,PSScene-20210927_160806_1008,2021-09-27T16:08:06.342446Z,100.0,PS2
planet,PSScene-20210926_162931_34_2426,2021-09-26T16:29:31.340019Z,100.0,PSB.SD
planet,PSScene-20210919_153614_26_2451,2021-09-19T15:36:14.263127Z,100.0,PSB.SD
planet,PSScene-20210919_153611_96_2451,2021-09-19T15:36:11.961088Z,100.0,PSB.SD
planet,PSScene-20210908_163127_91_240c,2021-09-08T16:31:27.917955Z,89.0,PSB.SD
planet,PSScene-20210908_162950_76_241c,2021-09-08T16:29:50.769557Z,78.0,PSB.SD
planet,PSScene-20210902_162508_05_2424,2021-09-02T16:25:08.056855Z,100.0,PSB.SD
planet,PSScene-20210902_162505_57_2424,2021-09-02T16:25:05.573815Z,100.0,PSB.SD
planet,PSScene-20210902_160614_0f15,2021-09-02T16:06:14.126877Z,100.0,PS2
planet,PSScene-20210902_160613_0f15,2021-09-02T16:06:13.128633Z,100.0,PS2
planet,PSScene-20210901_153811_24_2455,2021-09-01T15:38:11.241375Z,100.0,PSB.SD
planet,PSScene-20210901_153808_94_2455,2021-09-01T15:38:08.940375Z,100.0,PSB.SD
