utc,local_date,solar_h,kind,season,field_uid,clear,lst_K,lstrel,cropland_median_K
2021-09-17 07:32:19.672,2021-09-17,1.87,night,2021-22,IN_PENG2025_CCNT,1.0,287.07000732421875,0.170013427734375,286.8999938964844
2021-09-17 07:32:19.672,2021-09-17,1.87,night,2021-22,IN_PENG2025_NT,1.0,286.9845886230469,0.0845947265625,286.8999938964844
2021-09-28 20:28:48.172,2021-09-28,14.81,day,2021-22,IN_PENG2025_CCNT,1.0,300.9566650390625,1.25665283203125,299.70001220703125
2021-09-28 20:28:48.172,2021-09-28,14.81,day,2021-22,IN_PENG2025_NT,1.0,300.77923583984375,1.0792236328125,299.70001220703125
2021-10-05 18:10:44.313,2021-10-05,12.51,day,2021-22,IN_PENG2025_CCNT,1.0,294.79400634765625,-0.165985107421875,294.9599914550781
2021-10-05 18:10:44.313,2021-10-05,12.51,day,2021-22,IN_PENG2025_NT,1.0,295.953857421875,0.993865966796875,294.9599914550781
2021-10-10 15:50:47.399,2021-10-10,10.17,day,2021-22,IN_PENG2025_CCNT,1.0,298.6919860839844,0.431976318359375,298.260009765625
2021-10-10 15:50:47.399,2021-10-10,10.17,day,2021-22,IN_PENG2025_NT,1.0,298.321533203125,0.0615234375,298.260009765625
2021-10-13 15:05:43.436,2021-10-13,9.42,day,2021-22,IN_PENG2025_CCNT,1.0,289.19732666015625,-0.022674560546875,289.2200012207031
2021-10-13 15:05:43.436,2021-10-13,9.42,day,2021-22,IN_PENG2025_NT,1.0,289.8323059082031,0.6123046875,289.2200012207031
2021-10-15 20:00:54.542,2021-10-15,14.34,day,2021-22,IN_PENG2025_CCNT,1.0,278.7326965332031,-4.3673095703125,283.1000061035156
2021-10-15 20:00:54.542,2021-10-15,14.34,day,2021-22,IN_PENG2025_NT,1.0,280.29461669921875,-2.805389404296875,283.1000061035156
2021-10-18 19:16:08.298,2021-10-18,13.61,day,2021-22,IN_PENG2025_CCNT,1.0,297.0840148925781,0.614013671875,296.4700012207031
2021-10-18 19:16:08.298,2021-10-18,13.61,day,2021-22,IN_PENG2025_NT,1.0,297.64691162109375,1.176910400390625,296.4700012207031
2021-10-23 16:56:56.287,2021-10-23,11.27,day,2021-22,IN_PENG2025_CCNT,0.93,282.6107177734375,0.1107177734375,282.5
2021-10-23 16:56:56.287,2021-10-23,11.27,day,2021-22,IN_PENG2025_NT,0.92,283.14666748046875,0.64666748046875,282.5
2021-10-26 09:43:04.866,2021-10-26,4.06,night,2021-22,IN_PENG2025_CCNT,1.0,276.0639953613281,0.243988037109375,275.82000732421875
2021-10-26 09:43:04.866,2021-10-26,4.06,night,2021-22,IN_PENG2025_NT,1.0,275.6961669921875,-0.12384033203125,275.82000732421875
2021-11-03 06:37:39.119,2021-11-03,0.96,night,2021-22,IN_PENG2025_CCNT,1.0,273.1200256347656,-0.259979248046875,273.3800048828125
2021-11-03 06:37:39.119,2021-11-03,0.96,night,2021-22,IN_PENG2025_NT,1.0,273.52923583984375,0.14923095703125,273.3800048828125
2021-11-07 05:04:44.142,2021-11-06,23.41,night,2021-22,IN_PENG2025_CCNT,1.0,275.3666687011719,0.52667236328125,274.8399963378906
2021-11-07 05:04:44.142,2021-11-06,23.41,night,2021-22,IN_PENG2025_NT,1.0,275.61309814453125,0.773101806640625,274.8399963378906
2021-11-12 09:15:02.485,2021-11-12,3.59,night,2021-22,IN_PENG2025_CCNT,1.0,275.8746643066406,0.254669189453125,275.6199951171875
2021-11-12 09:15:02.485,2021-11-12,3.59,night,2021-22,IN_PENG2025_NT,1.0,275.4484558105469,-0.171539306640625,275.6199951171875
2021-11-16 07:44:03.026,2021-11-16,2.07,night,2021-22,IN_PENG2025_CCNT,1.0,269.8000183105469,-0.239990234375,270.0400085449219
2021-11-16 07:44:03.026,2021-11-16,2.07,night,2021-22,IN_PENG2025_NT,1.0,269.6461486816406,-0.39385986328125,270.0400085449219
2021-11-24 04:40:53.257,2021-11-23,23.01,night,2021-22,IN_PENG2025_CCNT,1.0,271.7006530761719,0.520660400390625,271.17999267578125
2021-11-24 04:40:53.257,2021-11-23,23.01,night,2021-22,IN_PENG2025_NT,1.0,271.3669128417969,0.186920166015625,271.17999267578125
2021-11-28 03:08:55.608,2021-11-27,21.47,night,2021-22,IN_PENG2025_CCNT,1.0,270.31463623046875,0.0146484375,270.29998779296875
2021-11-28 03:08:55.608,2021-11-27,21.47,night,2021-22,IN_PENG2025_NT,1.0,270.5707702636719,0.270782470703125,270.29998779296875
2021-11-30 19:54:28.695,2021-11-30,14.24,day,2021-22,IN_PENG2025_CCNT,1.0,282.8593444824219,0.13934326171875,282.7200012207031
2021-11-30 19:54:28.695,2021-11-30,14.24,day,2021-22,IN_PENG2025_NT,1.0,282.6453857421875,-0.074615478515625,282.7200012207031
2021-12-12 15:17:24.208,2021-12-12,9.62,day,2021-22,IN_PENG2025_CCNT,1.0,275.6786804199219,-0.16131591796875,275.8399963378906
2021-12-12 15:17:24.208,2021-12-12,9.62,day,2021-22,IN_PENG2025_NT,1.0,275.7799987792969,-0.05999755859375,275.8399963378906
2021-12-13 20:58:55.078,2021-12-13,15.31,day,2021-22,IN_PENG2025_CCNT,1.0,280.5553283691406,0.115325927734375,280.44000244140625
2021-12-13 20:58:55.078,2021-12-13,15.31,day,2021-22,IN_PENG2025_NT,1.0,280.5246276855469,0.084625244140625,280.44000244140625
2021-12-13 20:58:55.078,2021-12-13,15.31,day,2021-22,IN_PENG2025_CCNT,1.0,280.5553283691406,0.115325927734375,280.44000244140625
2021-12-13 20:58:55.078,2021-12-13,15.31,day,2021-22,IN_PENG2025_NT,1.0,280.5246276855469,0.084625244140625,280.44000244140625
2021-12-14 20:11:31.515,2021-12-14,14.52,day,2021-22,IN_PENG2025_CCNT,1.0,281.7760009765625,0.316009521484375,281.4599914550781
2021-12-14 20:11:31.515,2021-12-14,14.52,day,2021-22,IN_PENG2025_NT,1.0,281.8653564453125,0.405364990234375,281.4599914550781
2021-12-21 17:53:10.549,2021-12-21,12.22,day,2021-22,IN_PENG2025_CCNT,1.0,275.8479919433594,-2.641998291015625,278.489990234375
2021-12-21 17:53:10.549,2021-12-21,12.22,day,2021-22,IN_PENG2025_NT,1.0,277.85693359375,-0.633056640625,278.489990234375
2021-12-24 10:37:55.888,2021-12-24,4.96,night,2021-22,IN_PENG2025_CCNT,1.0,268.8313293457031,0.841339111328125,267.989990234375
2021-12-24 10:37:55.888,2021-12-24,4.96,night,2021-22,IN_PENG2025_NT,1.0,269.0792236328125,1.0892333984375,267.989990234375
2021-12-28 09:01:46.124,2021-12-28,3.36,night,2021-22,IN_PENG2025_CCNT,1.0,266.3106689453125,0.090667724609375,266.2200012207031
2021-12-28 09:01:46.124,2021-12-28,3.36,night,2021-22,IN_PENG2025_NT,1.0,266.2461242675781,0.026123046875,266.2200012207031
2022-01-05 05:49:23.259,2022-01-05,0.16,night,2021-22,IN_PENG2025_CCNT,1.0,274.0486755371094,0.08868408203125,273.9599914550781
2022-01-05 05:49:23.259,2022-01-05,0.16,night,2021-22,IN_PENG2025_NT,1.0,274.0661315917969,0.10614013671875,273.9599914550781
2022-01-21 05:56:27.704,2022-01-21,0.27,night,2021-22,IN_PENG2025_CCNT,1.0,262.1000061035156,0.240020751953125,261.8599853515625
2022-01-21 05:56:27.704,2022-01-21,0.27,night,2021-22,IN_PENG2025_NT,1.0,262.4907531738281,0.630767822265625,261.8599853515625
2022-01-21 05:57:19.673,2022-01-21,0.29,night,2021-22,IN_PENG2025_CCNT,1.0,261.8380126953125,0.258026123046875,261.5799865722656
2022-01-21 05:57:19.673,2022-01-21,0.29,night,2021-22,IN_PENG2025_NT,1.0,261.709228515625,0.129241943359375,261.5799865722656
2022-01-22 05:09:07.617,2022-01-21,23.49,night,2021-22,IN_PENG2025_CCNT,1.0,261.8326721191406,0.99267578125,260.8399963378906
2022-01-22 05:09:07.617,2022-01-21,23.49,night,2021-22,IN_PENG2025_NT,1.0,261.1899719238281,0.3499755859375,260.8399963378906
2022-01-25 04:22:02.962,2022-01-24,22.71,night,2021-22,IN_PENG2025_CCNT,1.0,259.0040283203125,0.284027099609375,258.7200012207031
2022-01-25 04:22:02.962,2022-01-24,22.71,night,2021-22,IN_PENG2025_NT,1.0,258.78765869140625,0.067657470703125,258.7200012207031
2022-01-25 04:22:02.962,2022-01-24,22.71,night,2021-22,IN_PENG2025_CCNT,1.0,258.4946594238281,-0.235321044921875,258.72998046875
2022-01-25 04:22:02.962,2022-01-24,22.71,night,2021-22,IN_PENG2025_NT,1.0,258.9561767578125,0.2261962890625,258.72998046875
2022-01-28 20:16:43.360,2022-01-28,14.61,day,2021-22,IN_PENG2025_CCNT,1.0,265.31732177734375,0.19732666015625,265.1199951171875
2022-01-28 20:16:43.360,2022-01-28,14.61,day,2021-22,IN_PENG2025_NT,1.0,264.82464599609375,-0.29534912109375,265.1199951171875
2022-01-29 02:45:50.777,2022-01-28,21.09,night,2021-22,IN_PENG2025_CCNT,0.3,258.368896484375,0.868896484375,257.5
2022-01-29 02:45:50.777,2022-01-28,21.09,night,2021-22,IN_PENG2025_NT,0.12,256.2133483886719,-1.286651611328125,257.5
2022-01-31 19:28:52.333,2022-01-31,13.81,day,2021-22,IN_PENG2025_CCNT,1.0,271.7286682128906,-0.011322021484375,271.739990234375
2022-01-31 19:28:52.333,2022-01-31,13.81,day,2021-22,IN_PENG2025_NT,1.0,271.43768310546875,-0.30230712890625,271.739990234375
2022-02-01 18:41:05.294,2022-02-01,13.02,day,2021-22,IN_PENG2025_CCNT,1.0,277.3733215332031,-0.306671142578125,277.67999267578125
2022-02-01 18:41:05.294,2022-02-01,13.02,day,2021-22,IN_PENG2025_NT,1.0,276.8899841308594,-0.790008544921875,277.67999267578125
2022-02-08 16:17:16.903,2022-02-08,10.62,day,2021-22,IN_PENG2025_CCNT,1.0,268.5246887207031,0.0546875,268.4700012207031
2022-02-08 16:17:16.903,2022-02-08,10.62,day,2021-22,IN_PENG2025_NT,1.0,268.55462646484375,0.084625244140625,268.4700012207031
2022-02-28 08:17:29.990,2022-02-28,2.62,night,2021-22,IN_PENG2025_CCNT,1.0,270.8126525878906,0.79266357421875,270.0199890136719
2022-02-28 08:17:29.990,2022-02-28,2.62,night,2021-22,IN_PENG2025_NT,1.0,270.69232177734375,0.672332763671875,270.0199890136719
2022-03-04 06:42:27.465,2022-03-04,1.04,night,2021-22,IN_PENG2025_CCNT,1.0,270.1013488769531,0.601348876953125,269.5
2022-03-04 06:42:27.465,2022-03-04,1.04,night,2021-22,IN_PENG2025_NT,1.0,270.2215576171875,0.7215576171875,269.5
2022-03-16 01:57:51.053,2022-03-15,20.29,night,2021-22,IN_PENG2025_CCNT,1.0,277.5840148925781,-0.055999755859375,277.6400146484375
2022-03-16 01:57:51.053,2022-03-15,20.29,night,2021-22,IN_PENG2025_NT,1.0,277.4430847167969,-0.196929931640625,277.6400146484375
2022-03-21 06:04:23.566,2022-03-21,0.41,night,2021-22,IN_PENG2025_CCNT,1.0,276.5626525878906,0.802642822265625,275.760009765625
2022-03-21 06:04:23.566,2022-03-21,0.41,night,2021-22,IN_PENG2025_NT,1.0,276.50921630859375,0.74920654296875,275.760009765625
2022-03-24 05:17:37.578,2022-03-23,23.62,night,2021-22,IN_PENG2025_CCNT,1.0,273.2013244628906,0.431304931640625,272.77001953125
2022-03-24 05:17:37.578,2022-03-23,23.62,night,2021-22,IN_PENG2025_NT,1.0,272.8576965332031,0.087677001953125,272.77001953125
2022-03-27 21:13:10.835,2022-03-27,15.56,day,2021-22,IN_PENG2025_CCNT,0.83,275.4808044433594,-1.169219970703125,276.6500244140625
2022-03-27 21:13:10.835,2022-03-27,15.56,day,2021-22,IN_PENG2025_NT,0.81,274.5733642578125,-2.07666015625,276.6500244140625
2022-04-12 21:17:59.188,2022-04-12,15.62,day,2021-22,IN_PENG2025_CCNT,1.0,288.3959655761719,2.2359619140625,286.1600036621094
2022-04-12 21:17:59.188,2022-04-12,15.62,day,2021-22,IN_PENG2025_NT,1.0,287.29461669921875,1.134613037109375,286.1600036621094
2022-04-19 18:52:38.493,2022-04-19,13.21,day,2021-22,IN_PENG2025_CCNT,0.43,278.07843017578125,-7.40155029296875,285.47998046875
2022-04-19 18:52:38.493,2022-04-19,13.21,day,2021-22,IN_PENG2025_NT,0.0,,,285.47998046875
2022-04-27 09:10:05.091,2022-04-27,3.51,night,2021-22,IN_PENG2025_CCNT,1.0,274.08868408203125,0.988677978515625,273.1000061035156
2022-04-27 09:10:05.091,2022-04-27,3.51,night,2021-22,IN_PENG2025_NT,1.0,274.0469055175781,0.9468994140625,273.1000061035156
2022-04-27 15:39:26.674,2022-04-27,9.99,day,2021-22,IN_PENG2025_CCNT,1.0,285.8100280761719,1.420013427734375,284.3900146484375
2022-04-27 15:39:26.674,2022-04-27,9.99,day,2021-22,IN_PENG2025_NT,1.0,284.72613525390625,0.33612060546875,284.3900146484375
2022-05-12 03:32:44.099,2022-05-11,21.87,night,2021-22,IN_PENG2025_CCNT,1.0,289.5433654785156,0.483367919921875,289.05999755859375
2022-05-12 03:32:44.099,2022-05-11,21.87,night,2021-22,IN_PENG2025_NT,1.0,289.18231201171875,0.122314453125,289.05999755859375
2022-05-13 09:12:56.745,2022-05-13,3.54,night,2021-22,IN_PENG2025_CCNT,0.77,280.7182312011719,-0.461761474609375,281.17999267578125
2022-05-13 09:12:56.745,2022-05-13,3.54,night,2021-22,IN_PENG2025_NT,0.92,280.8716735839844,-0.308319091796875,281.17999267578125
2022-05-21 06:02:33.708,2022-05-21,0.37,night,2021-22,IN_PENG2025_CCNT,1.0,281.638671875,-1.081329345703125,282.7200012207031
2022-05-21 06:02:33.708,2022-05-21,0.37,night,2021-22,IN_PENG2025_NT,1.0,279.6269226074219,-3.09307861328125,282.7200012207031
2022-05-28 03:40:24.924,2022-05-27,22.01,night,2021-22,IN_PENG2025_CCNT,1.0,288.1013488769531,0.0013427734375,288.1000061035156
2022-05-28 03:40:24.924,2022-05-27,22.01,night,2021-22,IN_PENG2025_NT,1.0,287.9115295410156,-0.1884765625,288.1000061035156
2022-05-30 20:22:24.156,2022-05-30,14.71,day,2021-22,IN_PENG2025_CCNT,1.0,303.1706237792969,-0.889373779296875,304.05999755859375
2022-05-30 20:22:24.156,2022-05-30,14.71,day,2021-22,IN_PENG2025_NT,1.0,303.4953918457031,-0.564605712890625,304.05999755859375
2022-06-03 18:46:37.718,2022-06-03,13.11,day,2022-23,IN_PENG2025_CCNT,1.0,309.9480285644531,0.888031005859375,309.05999755859375
2022-06-03 18:46:37.718,2022-06-03,13.11,day,2022-23,IN_PENG2025_NT,1.0,309.5992431640625,0.53924560546875,309.05999755859375
2022-06-04 17:58:54.195,2022-06-04,12.31,day,2022-23,IN_PENG2025_CCNT,0.7,300.4275817871094,-4.932403564453125,305.3599853515625
2022-06-04 17:58:54.195,2022-06-04,12.31,day,2022-23,IN_PENG2025_NT,0.85,302.1036376953125,-3.25634765625,305.3599853515625
2022-06-16 19:37:58.235,2022-06-16,13.96,day,2022-23,IN_PENG2025_CCNT,1.0,316.8173522949219,-0.822662353515625,317.6400146484375
2022-06-16 19:37:58.235,2022-06-16,13.96,day,2022-23,IN_PENG2025_NT,1.0,318.1461486816406,0.506134033203125,317.6400146484375
2022-07-04 06:44:48.052,2022-07-04,1.07,night,2022-23,IN_PENG2025_CCNT,1.0,291.4866638183594,0.726654052734375,290.760009765625
2022-07-04 06:44:48.052,2022-07-04,1.07,night,2022-23,IN_PENG2025_NT,1.0,291.3677062988281,0.607696533203125,290.760009765625
2022-07-05 05:56:37.181,2022-07-05,0.27,night,2022-23,IN_PENG2025_CCNT,0.23,288.82000732421875,-0.32000732421875,289.1400146484375
2022-07-05 05:56:37.181,2022-07-05,0.27,night,2022-23,IN_PENG2025_NT,0.62,288.96624755859375,-0.17376708984375,289.1400146484375
2022-07-12 03:32:18.670,2022-07-11,21.87,night,2022-23,IN_PENG2025_CCNT,1.0,300.60467529296875,0.22467041015625,300.3800048828125
2022-07-12 03:32:18.670,2022-07-11,21.87,night,2022-23,IN_PENG2025_NT,1.0,301.19537353515625,0.81536865234375,300.3800048828125
2022-07-31 19:28:06.447,2022-07-31,13.81,day,2022-23,IN_PENG2025_CCNT,1.0,303.5126647949219,0.05267333984375,303.4599914550781
2022-07-31 19:28:06.447,2022-07-31,13.81,day,2022-23,IN_PENG2025_NT,1.0,303.69537353515625,0.235382080078125,303.4599914550781
2022-08-03 18:38:29.390,2022-08-03,12.97,day,2022-23,IN_PENG2025_CCNT,1.0,306.7006530761719,0.260650634765625,306.44000244140625
2022-08-03 18:38:29.390,2022-08-03,12.97,day,2022-23,IN_PENG2025_NT,1.0,306.9492492675781,0.509246826171875,306.44000244140625
2022-08-23 16:59:34.835,2022-08-23,11.32,day,2022-23,IN_PENG2025_CCNT,1.0,299.7153015136719,-0.50469970703125,300.2200012207031
2022-08-23 16:59:34.835,2022-08-23,11.32,day,2022-23,IN_PENG2025_NT,1.0,299.71539306640625,-0.504608154296875,300.2200012207031
2022-08-24 16:11:29.863,2022-08-24,10.52,day,2022-23,IN_PENG2025_CCNT,1.0,299.9566345214844,-0.273345947265625,300.22998046875
2022-08-24 16:11:29.863,2022-08-24,10.52,day,2022-23,IN_PENG2025_NT,1.0,299.3492431640625,-0.8807373046875,300.22998046875
2022-08-26 09:42:04.806,2022-08-26,4.04,night,2022-23,IN_PENG2025_CCNT,1.0,291.6759948730469,0.19598388671875,291.4800109863281
2022-08-26 09:42:04.806,2022-08-26,4.04,night,2022-23,IN_PENG2025_NT,1.0,291.7300109863281,0.25,291.4800109863281
2022-09-07 04:51:12.686,2022-09-06,23.19,night,2022-23,IN_PENG2025_CCNT,1.0,289.7293701171875,0.4593505859375,289.27001953125
2022-09-07 04:51:12.686,2022-09-06,23.19,night,2022-23,IN_PENG2025_NT,1.0,289.83001708984375,0.55999755859375,289.27001953125
2022-09-08 10:32:10.388,2022-09-08,4.87,night,2022-23,IN_PENG2025_CCNT,0.9,285.2229919433594,0.322998046875,284.8999938964844
2022-09-08 10:32:10.388,2022-09-08,4.87,night,2022-23,IN_PENG2025_NT,1.0,285.1023254394531,0.20233154296875,284.8999938964844
2022-09-16 07:17:28.490,2022-09-16,1.62,night,2022-23,IN_PENG2025_CCNT,1.0,286.9566650390625,0.6966552734375,286.260009765625
2022-09-16 07:17:28.490,2022-09-16,1.62,night,2022-23,IN_PENG2025_NT,1.0,286.7330627441406,0.473052978515625,286.260009765625
2022-10-03 18:18:11.264,2022-10-03,12.64,day,2022-23,IN_PENG2025_CCNT,1.0,295.2906494140625,-1.7093505859375,297.0
2022-10-03 18:18:11.264,2022-10-03,12.64,day,2022-23,IN_PENG2025_NT,1.0,296.06463623046875,-0.93536376953125,297.0
2022-10-11 15:05:48.316,2022-10-11,9.42,day,2022-23,IN_PENG2025_CCNT,1.0,292.9193420410156,0.49932861328125,292.4200134277344
2022-10-11 15:05:48.316,2022-10-11,9.42,day,2022-23,IN_PENG2025_NT,1.0,292.77691650390625,0.356903076171875,292.4200134277344
2022-10-15 19:58:11.886,2022-10-15,14.31,day,2022-23,IN_PENG2025_CCNT,1.0,288.3179626464844,-0.882049560546875,289.20001220703125
2022-10-15 19:58:11.886,2022-10-15,14.31,day,2022-23,IN_PENG2025_NT,1.0,289.0961608886719,-0.103851318359375,289.20001220703125
2022-10-16 19:09:50.445,2022-10-16,13.49,day,2022-23,IN_PENG2025_CCNT,1.0,291.6219787597656,-1.568023681640625,293.19000244140625
2022-10-16 19:09:50.445,2022-10-16,13.49,day,2022-23,IN_PENG2025_NT,1.0,291.8746032714844,-1.315399169921875,293.19000244140625
2022-10-19 18:22:40.060,2022-10-19,12.71,day,2022-23,IN_PENG2025_CCNT,0.0,,,280.6600036621094
2022-10-19 18:22:40.060,2022-10-19,12.71,day,2022-23,IN_PENG2025_NT,0.0,,,280.6600036621094
2022-10-20 17:34:10.338,2022-10-20,11.91,day,2022-23,IN_PENG2025_CCNT,0.8,281.1783447265625,-0.0816650390625,281.260009765625
2022-10-20 17:34:10.338,2022-10-20,11.91,day,2022-23,IN_PENG2025_NT,0.27,280.5857238769531,-0.674285888671875,281.260009765625
2022-10-23 10:17:14.653,2022-10-23,4.62,night,2022-23,IN_PENG2025_CCNT,1.0,277.7832946777344,-0.79669189453125,278.5799865722656
2022-10-23 10:17:14.653,2022-10-23,4.62,night,2022-23,IN_PENG2025_NT,1.0,279.30999755859375,0.730010986328125,278.5799865722656
2022-10-23 16:46:46.875,2022-10-23,11.11,day,2022-23,IN_PENG2025_CCNT,1.0,298.44000244140625,-1.480010986328125,299.9200134277344
2022-10-23 16:46:46.875,2022-10-23,11.11,day,2022-23,IN_PENG2025_NT,1.0,298.3730773925781,-1.54693603515625,299.9200134277344
2022-10-24 15:59:22.900,2022-10-24,10.32,day,2022-23,IN_PENG2025_CCNT,1.0,294.9646911621094,-1.675323486328125,296.6400146484375
2022-10-24 15:59:22.900,2022-10-24,10.32,day,2022-23,IN_PENG2025_NT,1.0,294.90155029296875,-1.73846435546875,296.6400146484375
2022-10-26 09:30:28.578,2022-10-26,3.84,night,2022-23,IN_PENG2025_CCNT,0.0,,,275.82000732421875
2022-10-26 09:30:28.578,2022-10-26,3.84,night,2022-23,IN_PENG2025_NT,0.0,,,275.82000732421875
2022-11-07 04:43:56.650,2022-11-06,23.06,night,2022-23,IN_PENG2025_CCNT,1.0,281.9866943359375,0.68670654296875,281.29998779296875
2022-11-07 04:43:56.650,2022-11-06,23.06,night,2022-23,IN_PENG2025_NT,1.0,281.8830871582031,0.583099365234375,281.29998779296875
2022-11-07 04:43:56.655,2022-11-06,23.06,night,2022-23,IN_PENG2025_CCNT,1.0,281.2166748046875,-0.183319091796875,281.3999938964844
2022-11-07 04:43:56.655,2022-11-06,23.06,night,2022-23,IN_PENG2025_NT,1.0,281.5961608886719,0.1961669921875,281.3999938964844
2022-11-07 04:44:48.620,2022-11-06,23.07,night,2022-23,IN_PENG2025_CCNT,0.33,281.2660217285156,0.406036376953125,280.8599853515625
2022-11-07 04:44:48.620,2022-11-06,23.07,night,2022-23,IN_PENG2025_NT,0.88,281.4382629394531,0.578277587890625,280.8599853515625
2022-11-08 10:25:13.050,2022-11-08,4.76,night,2022-23,IN_PENG2025_CCNT,1.0,274.87335205078125,0.393341064453125,274.4800109863281
2022-11-08 10:25:13.050,2022-11-08,4.76,night,2022-23,IN_PENG2025_NT,1.0,275.27386474609375,0.793853759765625,274.4800109863281
2022-11-08 10:25:13.051,2022-11-08,4.76,night,2022-23,IN_PENG2025_CCNT,1.0,274.9066467285156,0.4466552734375,274.4599914550781
2022-11-08 10:25:13.051,2022-11-08,4.76,night,2022-23,IN_PENG2025_NT,1.0,275.15997314453125,0.699981689453125,274.4599914550781
2022-11-16 07:12:24.720,2022-11-16,1.54,night,2022-23,IN_PENG2025_CCNT,1.0,271.73931884765625,-0.12066650390625,271.8599853515625
2022-11-16 07:12:24.720,2022-11-16,1.54,night,2022-23,IN_PENG2025_NT,1.0,272.00384521484375,0.14385986328125,271.8599853515625
2022-11-16 07:12:24.729,2022-11-16,1.54,night,2022-23,IN_PENG2025_CCNT,1.0,271.70269775390625,-0.077301025390625,271.7799987792969
2022-11-16 07:12:24.729,2022-11-16,1.54,night,2022-23,IN_PENG2025_NT,1.0,271.1315612792969,-0.6484375,271.7799987792969
2022-11-26 20:40:12.700,2022-11-26,15.01,day,2022-23,IN_PENG2025_CCNT,1.0,282.5100402832031,-0.369964599609375,282.8800048828125
2022-11-26 20:40:12.700,2022-11-26,15.01,day,2022-23,IN_PENG2025_NT,1.0,282.49310302734375,-0.38690185546875,282.8800048828125
2022-11-26 20:40:12.706,2022-11-26,15.01,day,2022-23,IN_PENG2025_CCNT,1.0,282.4753112792969,-0.384674072265625,282.8599853515625
2022-11-26 20:40:12.706,2022-11-26,15.01,day,2022-23,IN_PENG2025_NT,1.0,282.6076965332031,-0.252288818359375,282.8599853515625
2022-11-28 02:20:06.659,2022-11-27,20.67,night,2022-23,IN_PENG2025_CCNT,0.33,269.1340026855469,-0.045989990234375,269.17999267578125
2022-11-28 02:20:06.659,2022-11-27,20.67,night,2022-23,IN_PENG2025_NT,0.19,269.2080078125,0.02801513671875,269.17999267578125
2022-12-07 16:38:40.280,2022-12-07,10.97,day,2022-23,IN_PENG2025_CCNT,1.0,277.05865478515625,0.158660888671875,276.8999938964844
2022-12-07 16:38:40.280,2022-12-07,10.97,day,2022-23,IN_PENG2025_NT,1.0,277.0646057128906,0.16461181640625,276.8999938964844
2022-12-07 16:38:40.287,2022-12-07,10.97,day,2022-23,IN_PENG2025_CCNT,1.0,276.9360046386719,0.006011962890625,276.92999267578125
2022-12-07 16:38:40.287,2022-12-07,10.97,day,2022-23,IN_PENG2025_NT,1.0,277.0207824707031,0.090789794921875,276.92999267578125
2022-12-20 17:29:57.788,2022-12-20,11.82,day,2022-23,IN_PENG2025_CCNT,1.0,279.0113525390625,-0.468658447265625,279.4800109863281
2022-12-20 17:29:57.788,2022-12-20,11.82,day,2022-23,IN_PENG2025_NT,1.0,279.3399963378906,-0.1400146484375,279.4800109863281
2022-12-30 07:50:02.910,2022-12-30,2.17,night,2022-23,IN_PENG2025_CCNT,1.0,275.9773254394531,0.477325439453125,275.5
2022-12-30 07:50:02.910,2022-12-30,2.17,night,2022-23,IN_PENG2025_NT,1.0,275.1792297363281,-0.320770263671875,275.5
2022-12-30 07:50:02.915,2022-12-30,2.17,night,2022-23,IN_PENG2025_CCNT,1.0,276.2986755371094,0.978668212890625,275.32000732421875
2022-12-30 07:50:02.915,2022-12-30,2.17,night,2022-23,IN_PENG2025_NT,1.0,276.79693603515625,1.4769287109375,275.32000732421875
2023-01-11 03:00:25.380,2023-01-10,21.34,night,2022-23,IN_PENG2025_CCNT,1.0,272.3233337402344,0.523345947265625,271.79998779296875
2023-01-11 03:00:25.380,2023-01-10,21.34,night,2022-23,IN_PENG2025_NT,1.0,271.8815612792969,0.081573486328125,271.79998779296875
2023-01-12 08:41:24.070,2023-01-12,3.02,night,2022-23,IN_PENG2025_CCNT,1.0,270.3960266113281,3.076019287109375,267.32000732421875
2023-01-12 08:41:24.070,2023-01-12,3.02,night,2022-23,IN_PENG2025_NT,1.0,268.85076904296875,1.53076171875,267.32000732421875
2023-01-12 08:41:24.076,2023-01-12,3.02,night,2022-23,IN_PENG2025_CCNT,1.0,270.2900085449219,2.470001220703125,267.82000732421875
2023-01-12 08:41:24.076,2023-01-12,3.02,night,2022-23,IN_PENG2025_NT,1.0,270.2969055175781,2.476898193359375,267.82000732421875
2023-01-28 02:12:54.660,2023-01-27,20.54,night,2022-23,IN_PENG2025_CCNT,1.0,263.1513366699219,0.2513427734375,262.8999938964844
2023-01-28 02:12:54.660,2023-01-27,20.54,night,2022-23,IN_PENG2025_NT,1.0,262.77154541015625,-0.128448486328125,262.8999938964844
2023-01-28 02:12:54.669,2023-01-27,20.54,night,2022-23,IN_PENG2025_CCNT,1.0,262.7159729003906,-0.20404052734375,262.9200134277344
2023-01-28 02:12:54.669,2023-01-27,20.54,night,2022-23,IN_PENG2025_NT,1.0,263.08843994140625,0.168426513671875,262.9200134277344
2023-01-30 18:54:44.500,2023-01-30,13.24,day,2022-23,IN_PENG2025_CCNT,1.0,268.4406433105469,-0.2193603515625,268.6600036621094
2023-01-30 18:54:44.500,2023-01-30,13.24,day,2022-23,IN_PENG2025_NT,1.0,268.70538330078125,0.045379638671875,268.6600036621094
2023-01-30 18:54:44.505,2023-01-30,13.24,day,2022-23,IN_PENG2025_CCNT,1.0,268.42401123046875,-0.2459716796875,268.66998291015625
2023-01-30 18:54:44.505,2023-01-30,13.24,day,2022-23,IN_PENG2025_NT,1.0,268.7007751464844,0.030792236328125,268.66998291015625
2023-02-02 18:05:21.540,2023-02-02,12.42,day,2022-23,IN_PENG2025_CCNT,1.0,273.6860046386719,0.386016845703125,273.29998779296875
2023-02-02 18:05:21.540,2023-02-02,12.42,day,2022-23,IN_PENG2025_NT,1.0,273.51617431640625,0.2161865234375,273.29998779296875
2023-02-02 18:05:21.549,2023-02-02,12.42,day,2022-23,IN_PENG2025_CCNT,1.0,273.72332763671875,0.4033203125,273.32000732421875
2023-02-02 18:05:21.549,2023-02-02,12.42,day,2022-23,IN_PENG2025_NT,1.0,273.6369323730469,0.316925048828125,273.32000732421875
2023-02-06 16:29:22.510,2023-02-06,10.82,day,2022-23,IN_PENG2025_CCNT,1.0,271.9179992675781,-2.251983642578125,274.16998291015625
2023-02-06 16:29:22.510,2023-02-06,10.82,day,2022-23,IN_PENG2025_NT,1.0,274.2861633300781,0.116180419921875,274.16998291015625
2023-02-06 16:29:22.517,2023-02-06,10.82,day,2022-23,IN_PENG2025_CCNT,1.0,272.0866394042969,-2.113372802734375,274.20001220703125
2023-02-06 16:29:22.517,2023-02-06,10.82,day,2022-23,IN_PENG2025_NT,1.0,274.39691162109375,0.1968994140625,274.20001220703125
2023-02-11 20:34:41.340,2023-02-11,14.91,day,2022-23,IN_PENG2025_CCNT,1.0,280.89599609375,-0.524017333984375,281.4200134277344
2023-02-11 20:34:41.340,2023-02-11,14.91,day,2022-23,IN_PENG2025_NT,1.0,281.21771240234375,-0.202301025390625,281.4200134277344
2023-02-19 17:20:18.430,2023-02-19,11.67,day,2022-23,IN_PENG2025_CCNT,1.0,278.08465576171875,1.0146484375,277.07000732421875
2023-02-19 17:20:18.430,2023-02-19,11.67,day,2022-23,IN_PENG2025_NT,1.0,276.63616943359375,-0.433837890625,277.07000732421875
2023-02-26 08:30:02.350,2023-02-26,2.84,night,2022-23,IN_PENG2025_CCNT,1.0,271.3580017089844,-0.4219970703125,271.7799987792969
2023-02-26 08:30:02.350,2023-02-26,2.84,night,2022-23,IN_PENG2025_NT,1.0,271.5438232421875,-0.236175537109375,271.7799987792969
2023-02-26 08:30:02.354,2023-02-26,2.84,night,2022-23,IN_PENG2025_CCNT,1.0,271.2586669921875,-0.521331787109375,271.7799987792969
2023-02-26 08:30:02.354,2023-02-26,2.84,night,2022-23,IN_PENG2025_NT,1.0,271.5438537597656,-0.23614501953125,271.7799987792969
2023-02-26 14:59:36.750,2023-02-26,9.32,day,2022-23,IN_PENG2025_CCNT,1.0,279.1093444824219,0.5693359375,278.5400085449219
2023-02-26 14:59:36.750,2023-02-26,9.32,day,2022-23,IN_PENG2025_NT,1.0,279.0376892089844,0.4976806640625,278.5400085449219
2023-02-26 14:59:36.751,2023-02-26,9.32,day,2022-23,IN_PENG2025_CCNT,1.0,279.1106872558594,0.5906982421875,278.5199890136719
2023-02-26 14:59:36.751,2023-02-26,9.32,day,2022-23,IN_PENG2025_NT,1.0,278.9407958984375,0.420806884765625,278.5199890136719
2023-03-02 06:55:25.230,2023-03-02,1.26,night,2022-23,IN_PENG2025_CCNT,1.0,275.57733154296875,-0.002655029296875,275.5799865722656
2023-03-02 06:55:25.230,2023-03-02,1.26,night,2022-23,IN_PENG2025_NT,1.0,275.6177062988281,0.0377197265625,275.5799865722656
2023-03-02 06:55:25.232,2023-03-02,1.26,night,2022-23,IN_PENG2025_CCNT,1.0,275.9779968261719,0.43798828125,275.5400085449219
2023-03-02 06:55:25.232,2023-03-02,1.26,night,2022-23,IN_PENG2025_NT,1.0,275.3238525390625,-0.216156005859375,275.5400085449219
2023-03-06 05:20:35.430,2023-03-05,23.67,night,2022-23,IN_PENG2025_CCNT,1.0,270.50335693359375,0.223358154296875,270.2799987792969
2023-03-06 05:20:35.430,2023-03-05,23.67,night,2022-23,IN_PENG2025_NT,1.0,270.6277160644531,0.34771728515625,270.2799987792969
2023-03-06 05:20:35.431,2023-03-05,23.67,night,2022-23,IN_PENG2025_CCNT,1.0,270.7213134765625,0.27130126953125,270.45001220703125
2023-03-06 05:20:35.431,2023-03-05,23.67,night,2022-23,IN_PENG2025_NT,1.0,270.7377014160156,0.287689208984375,270.45001220703125
2023-03-09 04:33:28.680,2023-03-08,22.89,night,2022-23,IN_PENG2025_CCNT,0.9,269.2666320800781,-0.433380126953125,269.70001220703125
2023-03-09 04:33:28.680,2023-03-08,22.89,night,2022-23,IN_PENG2025_NT,1.0,269.42535400390625,-0.274658203125,269.70001220703125
2023-03-09 04:33:28.685,2023-03-08,22.89,night,2022-23,IN_PENG2025_CCNT,1.0,269.55535888671875,-0.06463623046875,269.6199951171875
2023-03-09 04:33:28.685,2023-03-08,22.89,night,2022-23,IN_PENG2025_NT,1.0,269.22772216796875,-0.39227294921875,269.6199951171875
2023-03-15 07:54:28.939,2023-03-15,2.24,night,2022-23,IN_PENG2025_CCNT,1.0,269.7386474609375,0.16864013671875,269.57000732421875
2023-03-15 07:54:28.939,2023-03-15,2.24,night,2022-23,IN_PENG2025_NT,1.0,269.7099914550781,0.139984130859375,269.57000732421875
2023-03-23 04:46:34.850,2023-03-22,23.11,night,2022-23,IN_PENG2025_CCNT,1.0,270.5679626464844,-0.27203369140625,270.8399963378906
2023-03-23 04:46:34.850,2023-03-22,23.11,night,2022-23,IN_PENG2025_NT,1.0,270.8715515136719,0.03155517578125,270.8399963378906
2023-03-23 04:46:34.855,2023-03-22,23.11,night,2022-23,IN_PENG2025_CCNT,1.0,270.8219909667969,0.121978759765625,270.70001220703125
2023-03-23 04:46:34.855,2023-03-22,23.11,night,2022-23,IN_PENG2025_NT,1.0,271.4715270996094,0.771514892578125,270.70001220703125
2023-04-01 19:07:51.800,2023-04-01,13.46,day,2022-23,IN_PENG2025_CCNT,0.2,275.306640625,-0.933349609375,276.239990234375
2023-04-01 19:07:51.800,2023-04-01,13.46,day,2022-23,IN_PENG2025_NT,0.31,276.12249755859375,-0.11749267578125,276.239990234375
2023-04-09 15:57:44.630,2023-04-09,10.29,day,2022-23,IN_PENG2025_CCNT,1.0,295.2126770019531,-0.107330322265625,295.32000732421875
2023-04-09 15:57:44.630,2023-04-09,10.29,day,2022-23,IN_PENG2025_NT,1.0,295.9438171386719,0.623809814453125,295.32000732421875
2023-04-09 15:57:44.635,2023-04-09,10.29,day,2022-23,IN_PENG2025_CCNT,1.0,295.31671142578125,0.0167236328125,295.29998779296875
2023-04-09 15:57:44.635,2023-04-09,10.29,day,2022-23,IN_PENG2025_NT,1.0,295.8869323730469,0.586944580078125,295.29998779296875
2023-04-18 18:27:10.310,2023-04-18,12.79,day,2022-23,IN_PENG2025_CCNT,1.0,294.8873291015625,-0.29266357421875,295.17999267578125
2023-04-18 18:27:10.310,2023-04-18,12.79,day,2022-23,IN_PENG2025_NT,1.0,295.62384033203125,0.44384765625,295.17999267578125
2023-04-18 18:27:10.310,2023-04-18,12.79,day,2022-23,IN_PENG2025_CCNT,1.0,294.7960205078125,-0.38397216796875,295.17999267578125
2023-04-18 18:27:10.310,2023-04-18,12.79,day,2022-23,IN_PENG2025_NT,1.0,295.571533203125,0.39154052734375,295.17999267578125
2023-04-22 16:50:35.760,2023-04-22,11.17,day,2022-23,IN_PENG2025_CCNT,0.8,278.41082763671875,-0.2691650390625,278.67999267578125
2023-04-22 16:50:35.760,2023-04-22,11.17,day,2022-23,IN_PENG2025_NT,0.58,277.50799560546875,-1.1719970703125,278.67999267578125
2023-04-26 15:12:17.218,2023-04-26,9.54,day,2022-23,IN_PENG2025_CCNT,1.0,290.7046813964844,-2.555328369140625,293.260009765625
2023-04-26 15:12:17.218,2023-04-26,9.54,day,2022-23,IN_PENG2025_NT,0.96,289.9792175292969,-3.280792236328125,293.260009765625
2023-04-26 15:12:17.218,2023-04-26,9.54,day,2022-23,IN_PENG2025_CCNT,1.0,290.6107177734375,-2.609283447265625,293.2200012207031
2023-04-26 15:12:17.218,2023-04-26,9.54,day,2022-23,IN_PENG2025_NT,0.96,290.0552062988281,-3.164794921875,293.2200012207031
2023-04-26 15:12:17.218,2023-04-26,9.54,day,2022-23,IN_PENG2025_CCNT,1.0,290.7046813964844,-2.555328369140625,293.260009765625
2023-04-26 15:12:17.218,2023-04-26,9.54,day,2022-23,IN_PENG2025_NT,0.96,289.9792175292969,-3.280792236328125,293.260009765625
2023-04-29 07:54:06.310,2023-04-29,2.24,night,2022-23,IN_PENG2025_CCNT,1.0,278.77001953125,-0.02996826171875,278.79998779296875
2023-04-29 07:54:06.310,2023-04-29,2.24,night,2022-23,IN_PENG2025_NT,1.0,278.8615417480469,0.061553955078125,278.79998779296875
2023-04-29 07:54:06.315,2023-04-29,2.24,night,2022-23,IN_PENG2025_CCNT,1.0,278.7013244628906,-0.07867431640625,278.7799987792969
2023-04-29 07:54:06.315,2023-04-29,2.24,night,2022-23,IN_PENG2025_NT,1.0,278.7169189453125,-0.063079833984375,278.7799987792969
2023-04-29 07:54:06.315,2023-04-29,2.24,night,2022-23,IN_PENG2025_CCNT,1.0,278.81463623046875,-0.00537109375,278.82000732421875
2023-04-29 07:54:06.315,2023-04-29,2.24,night,2022-23,IN_PENG2025_NT,1.0,278.91845703125,0.09844970703125,278.82000732421875
2023-05-22 05:29:59.560,2023-05-21,23.82,night,2022-23,IN_PENG2025_CCNT,1.0,285.04803466796875,0.66802978515625,284.3800048828125
2023-05-22 05:29:59.560,2023-05-21,23.82,night,2022-23,IN_PENG2025_NT,1.0,284.4492492675781,0.069244384765625,284.3800048828125
2023-05-22 05:29:59.563,2023-05-21,23.82,night,2022-23,IN_PENG2025_CCNT,1.0,284.5906677246094,0.230682373046875,284.3599853515625
2023-05-22 05:29:59.563,2023-05-21,23.82,night,2022-23,IN_PENG2025_NT,1.0,284.3415832519531,-0.018402099609375,284.3599853515625
2023-06-09 15:38:46.880,2023-06-09,9.97,day,2023-24,IN_PENG2025_CCNT,1.0,310.92071533203125,-1.539276123046875,312.4599914550781
2023-06-09 15:38:46.880,2023-06-09,9.97,day,2023-24,IN_PENG2025_NT,1.0,312.91998291015625,0.459991455078125,312.4599914550781
2023-06-09 15:38:46.886,2023-06-09,9.97,day,2023-24,IN_PENG2025_CCNT,1.0,310.8706970214844,-1.529296875,312.3999938964844
2023-06-09 15:38:46.886,2023-06-09,9.97,day,2023-24,IN_PENG2025_NT,1.0,312.67535400390625,0.275360107421875,312.3999938964844
2023-06-10 21:19:17.470,2023-06-10,15.66,day,2023-24,IN_PENG2025_CCNT,1.0,309.72802734375,-1.171966552734375,310.8999938964844
2023-06-10 21:19:17.470,2023-06-10,15.66,day,2023-24,IN_PENG2025_NT,1.0,311.7607727050781,0.86077880859375,310.8999938964844
2023-06-10 21:19:17.475,2023-06-10,15.66,day,2023-24,IN_PENG2025_CCNT,1.0,309.73468017578125,-1.295318603515625,311.0299987792969
2023-06-10 21:19:17.475,2023-06-10,15.66,day,2023-24,IN_PENG2025_NT,1.0,311.6884460449219,0.658447265625,311.0299987792969
2023-06-14 19:39:45.748,2023-06-14,13.99,day,2023-24,IN_PENG2025_CCNT,1.0,299.09130859375,-1.628692626953125,300.7200012207031
2023-06-14 19:39:45.748,2023-06-14,13.99,day,2023-24,IN_PENG2025_NT,1.0,300.49151611328125,-0.228485107421875,300.7200012207031
2023-06-14 19:39:45.748,2023-06-14,13.99,day,2023-24,IN_PENG2025_CCNT,1.0,299.0086669921875,-1.871337890625,300.8800048828125
2023-06-14 19:39:45.748,2023-06-14,13.99,day,2023-24,IN_PENG2025_NT,1.0,300.84539794921875,-0.03460693359375,300.8800048828125
2023-06-21 17:12:16.070,2023-06-21,11.54,day,2023-24,IN_PENG2025_CCNT,1.0,309.7239990234375,-0.496002197265625,310.2200012207031
2023-06-21 17:12:16.070,2023-06-21,11.54,day,2023-24,IN_PENG2025_NT,1.0,310.7646179199219,0.54461669921875,310.2200012207031
2023-06-21 17:12:16.070,2023-06-21,11.54,day,2023-24,IN_PENG2025_CCNT,1.0,309.5099792480469,-0.670013427734375,310.17999267578125
2023-06-21 17:12:16.070,2023-06-21,11.54,day,2023-24,IN_PENG2025_NT,1.0,310.6692199707031,0.489227294921875,310.17999267578125
2023-06-28 08:15:21.365,2023-06-28,2.59,night,2023-24,IN_PENG2025_CCNT,1.0,287.8966979980469,0.2366943359375,287.6600036621094
2023-06-28 08:15:21.365,2023-06-28,2.59,night,2023-24,IN_PENG2025_NT,1.0,287.9484558105469,0.2884521484375,287.6600036621094
2023-06-28 08:15:21.365,2023-06-28,2.59,night,2023-24,IN_PENG2025_CCNT,1.0,287.9666748046875,0.3466796875,287.6199951171875
2023-06-28 08:15:21.365,2023-06-28,2.59,night,2023-24,IN_PENG2025_NT,1.0,288.10382080078125,0.48382568359375,287.6199951171875
2023-07-05 05:47:00.783,2023-07-05,0.12,night,2023-24,IN_PENG2025_CCNT,1.0,292.3380126953125,0.998016357421875,291.3399963378906
2023-07-05 05:47:00.783,2023-07-05,0.12,night,2023-24,IN_PENG2025_NT,1.0,291.9969482421875,0.656951904296875,291.3399963378906
2023-07-05 05:47:00.783,2023-07-05,0.12,night,2023-24,IN_PENG2025_CCNT,1.0,292.3659973144531,1.045989990234375,291.32000732421875
2023-07-05 05:47:00.783,2023-07-05,0.12,night,2023-24,IN_PENG2025_NT,1.0,291.8900146484375,0.57000732421875,291.32000732421875
2023-07-07 10:39:52.412,2023-07-07,4.99,night,2023-24,IN_PENG2025_CCNT,1.0,290.5107116699219,-0.049285888671875,290.55999755859375
2023-07-07 10:39:52.412,2023-07-07,4.99,night,2023-24,IN_PENG2025_NT,1.0,290.65692138671875,0.096923828125,290.55999755859375
2023-07-07 10:39:52.412,2023-07-07,4.99,night,2023-24,IN_PENG2025_CCNT,1.0,291.01068115234375,0.51068115234375,290.5
2023-07-07 10:39:52.412,2023-07-07,4.99,night,2023-24,IN_PENG2025_NT,1.0,290.69000244140625,0.19000244140625,290.5
2023-07-10 09:53:14.813,2023-07-10,4.22,night,2023-24,IN_PENG2025_CCNT,1.0,288.2253723144531,0.265380859375,287.9599914550781
2023-07-10 09:53:14.813,2023-07-10,4.22,night,2023-24,IN_PENG2025_NT,1.0,288.28387451171875,0.323883056640625,287.9599914550781
2023-07-14 08:17:37.968,2023-07-14,2.62,night,2023-24,IN_PENG2025_CCNT,0.97,289.0882873535156,0.328277587890625,288.760009765625
2023-07-14 08:17:37.968,2023-07-14,2.62,night,2023-24,IN_PENG2025_NT,1.0,288.8930969238281,0.133087158203125,288.760009765625
2023-07-14 08:17:37.968,2023-07-14,2.62,night,2023-24,IN_PENG2025_CCNT,1.0,289.3166809082031,0.576690673828125,288.739990234375
2023-07-14 08:17:37.968,2023-07-14,2.62,night,2023-24,IN_PENG2025_NT,1.0,288.9523010253906,0.212310791015625,288.739990234375
2023-07-18 06:41:50.417,2023-07-18,1.02,night,2023-24,IN_PENG2025_CCNT,0.8,289.7691345214844,0.509124755859375,289.260009765625
2023-07-18 06:41:50.417,2023-07-18,1.02,night,2023-24,IN_PENG2025_NT,0.96,289.2991943359375,0.0391845703125,289.260009765625
2023-07-18 06:41:50.417,2023-07-18,1.02,night,2023-24,IN_PENG2025_CCNT,0.9,289.4748229980469,0.234832763671875,289.239990234375
2023-07-18 06:41:50.417,2023-07-18,1.02,night,2023-24,IN_PENG2025_NT,0.65,289.136474609375,-0.103515625,289.239990234375
2023-07-31 19:22:22.404,2023-07-31,13.71,day,2023-24,IN_PENG2025_CCNT,0.5,301.0626525878906,0.22265625,300.8399963378906
2023-07-31 19:22:22.404,2023-07-31,13.71,day,2023-24,IN_PENG2025_NT,0.58,298.7759704589844,-2.06402587890625,300.8399963378906
2023-08-01 18:34:02.098,2023-08-01,12.91,day,2023-24,IN_PENG2025_CCNT,1.0,302.23065185546875,-0.02935791015625,302.260009765625
2023-08-01 18:34:02.098,2023-08-01,12.91,day,2023-24,IN_PENG2025_NT,1.0,301.83001708984375,-0.42999267578125,302.260009765625
2023-08-01 18:34:02.098,2023-08-01,12.91,day,2023-24,IN_PENG2025_CCNT,1.0,302.0299987792969,-0.269989013671875,302.29998779296875
2023-08-01 18:34:02.098,2023-08-01,12.91,day,2023-24,IN_PENG2025_NT,1.0,302.046142578125,-0.25384521484375,302.29998779296875
2023-08-08 16:08:23.468,2023-08-08,10.47,day,2023-24,IN_PENG2025_CCNT,1.0,299.02667236328125,-0.573333740234375,299.6000061035156
2023-08-08 16:08:23.468,2023-08-08,10.47,day,2023-24,IN_PENG2025_NT,1.0,298.8854064941406,-0.714599609375,299.6000061035156
2023-08-08 16:08:23.468,2023-08-08,10.47,day,2023-24,IN_PENG2025_CCNT,1.0,299.02069091796875,-0.579315185546875,299.6000061035156
2023-08-08 16:08:23.468,2023-08-08,10.47,day,2023-24,IN_PENG2025_NT,1.0,298.91461181640625,-0.685394287109375,299.6000061035156
2023-08-10 21:01:16.308,2023-08-10,15.36,day,2023-24,IN_PENG2025_CCNT,1.0,299.3666687011719,0.486663818359375,298.8800048828125
2023-08-10 21:01:16.308,2023-08-10,15.36,day,2023-24,IN_PENG2025_NT,1.0,298.714599609375,-0.1654052734375,298.8800048828125
2023-08-10 21:01:16.308,2023-08-10,15.36,day,2023-24,IN_PENG2025_CCNT,1.0,299.3180236816406,0.41802978515625,298.8999938964844
2023-08-10 21:01:16.308,2023-08-10,15.36,day,2023-24,IN_PENG2025_NT,1.0,298.4953918457031,-0.40460205078125,298.8999938964844
2023-08-10 21:01:16.308,2023-08-10,15.36,day,2023-24,IN_PENG2025_CCNT,1.0,299.4259948730469,0.545989990234375,298.8800048828125
2023-08-10 21:01:16.308,2023-08-10,15.36,day,2023-24,IN_PENG2025_NT,1.0,298.41693115234375,-0.46307373046875,298.8800048828125
2023-08-21 17:05:17.047,2023-08-21,11.42,day,2023-24,IN_PENG2025_CCNT,1.0,299.46002197265625,-0.059967041015625,299.5199890136719
2023-08-21 17:05:17.047,2023-08-21,11.42,day,2023-24,IN_PENG2025_NT,1.0,299.29229736328125,-0.227691650390625,299.5199890136719
2023-08-21 17:05:17.047,2023-08-21,11.42,day,2023-24,IN_PENG2025_CCNT,1.0,299.4246826171875,-0.095306396484375,299.5199890136719
2023-08-21 17:05:17.047,2023-08-21,11.42,day,2023-24,IN_PENG2025_NT,1.0,299.35003662109375,-0.169952392578125,299.5199890136719
2023-09-04 05:45:37.276,2023-09-04,0.09,night,2023-24,IN_PENG2025_CCNT,1.0,294.3706359863281,0.890625,293.4800109863281
2023-09-04 05:45:37.276,2023-09-04,0.09,night,2023-24,IN_PENG2025_NT,1.0,294.3130798339844,0.83306884765625,293.4800109863281
2023-09-04 05:45:37.276,2023-09-04,0.09,night,2023-24,IN_PENG2025_CCNT,1.0,294.60467529296875,0.8946533203125,293.71002197265625
2023-09-04 05:45:37.276,2023-09-04,0.09,night,2023-24,IN_PENG2025_NT,1.0,294.6315612792969,0.921539306640625,293.71002197265625
2023-09-05 04:57:05.154,2023-09-04,23.29,night,2023-24,IN_PENG2025_CCNT,1.0,294.4426574707031,0.462646484375,293.9800109863281
2023-09-05 04:57:05.154,2023-09-04,23.29,night,2023-24,IN_PENG2025_NT,1.0,294.04998779296875,0.069976806640625,293.9800109863281
2023-09-05 04:57:05.154,2023-09-04,23.29,night,2023-24,IN_PENG2025_CCNT,1.0,294.4073181152344,0.3673095703125,294.0400085449219
2023-09-05 04:57:05.154,2023-09-04,23.29,night,2023-24,IN_PENG2025_NT,1.0,294.1246337890625,0.084625244140625,294.0400085449219
2023-09-10 09:02:14.190,2023-09-10,3.37,night,2023-24,IN_PENG2025_CCNT,0.63,285.6947326660156,0.11474609375,285.5799865722656
2023-09-10 09:02:14.190,2023-09-10,3.37,night,2023-24,IN_PENG2025_NT,0.58,285.95599365234375,0.376007080078125,285.5799865722656
2023-09-10 09:02:14.190,2023-09-10,3.37,night,2023-24,IN_PENG2025_CCNT,0.67,285.9230041503906,0.40301513671875,285.5199890136719
2023-09-10 09:02:14.190,2023-09-10,3.37,night,2023-24,IN_PENG2025_NT,0.65,285.75177001953125,0.231781005859375,285.5199890136719
2023-09-18 05:54:24.796,2023-09-18,0.24,night,2023-24,IN_PENG2025_CCNT,0.0,,,286.70001220703125
2023-09-18 05:54:24.796,2023-09-18,0.24,night,2023-24,IN_PENG2025_NT,0.04,286.5,-0.20001220703125,286.70001220703125
2023-09-24 21:02:40.443,2023-09-24,15.37,day,2023-24,IN_PENG2025_CCNT,1.0,301.4720153808594,0.37200927734375,301.1000061035156
2023-09-24 21:02:40.443,2023-09-24,15.37,day,2023-24,IN_PENG2025_NT,1.0,301.6515197753906,0.551513671875,301.1000061035156
2023-09-24 21:02:40.443,2023-09-24,15.37,day,2023-24,IN_PENG2025_CCNT,1.0,301.44598388671875,0.345977783203125,301.1000061035156
2023-09-24 21:02:40.443,2023-09-24,15.37,day,2023-24,IN_PENG2025_NT,1.0,301.6838073730469,0.58380126953125,301.1000061035156
2023-10-17 18:41:56.708,2023-10-17,13.02,day,2023-24,IN_PENG2025_CCNT,0.63,280.1683654785156,-2.321624755859375,282.489990234375
2023-10-17 18:41:56.708,2023-10-17,13.02,day,2023-24,IN_PENG2025_NT,0.54,282.6585998535156,0.168609619140625,282.489990234375
2023-10-17 18:41:56.708,2023-10-17,13.02,day,2023-24,IN_PENG2025_CCNT,0.63,280.0862731933594,-2.533721923828125,282.6199951171875
2023-10-17 18:41:56.708,2023-10-17,13.02,day,2023-24,IN_PENG2025_NT,0.58,282.7053527832031,0.085357666015625,282.6199951171875
2023-10-17 18:41:56.708,2023-10-17,13.02,day,2023-24,IN_PENG2025_CCNT,0.63,280.0862731933594,-2.523712158203125,282.6099853515625
2023-10-17 18:41:56.708,2023-10-17,13.02,day,2023-24,IN_PENG2025_NT,0.58,282.7053527832031,0.095367431640625,282.6099853515625
2023-11-01 06:37:56.555,2023-11-01,0.96,night,2023-24,IN_PENG2025_CCNT,1.0,274.9126892089844,0.33270263671875,274.5799865722656
2023-11-01 06:37:56.555,2023-11-01,0.96,night,2023-24,IN_PENG2025_NT,1.0,274.54925537109375,-0.030731201171875,274.5799865722656
2023-11-01 06:37:56.555,2023-11-01,0.96,night,2023-24,IN_PENG2025_CCNT,1.0,274.9073486328125,0.267333984375,274.6400146484375
2023-11-01 06:37:56.555,2023-11-01,0.96,night,2023-24,IN_PENG2025_NT,1.0,274.9584655761719,0.318450927734375,274.6400146484375
2023-11-18 05:55:49.715,2023-11-18,0.26,night,2023-24,IN_PENG2025_CCNT,1.0,274.3826599121094,1.3626708984375,273.0199890136719
2023-11-18 05:55:49.715,2023-11-18,0.26,night,2023-24,IN_PENG2025_NT,1.0,273.46923828125,0.449249267578125,273.0199890136719
2023-11-18 05:55:49.715,2023-11-18,0.26,night,2023-24,IN_PENG2025_CCNT,1.0,273.8226623535156,1.04266357421875,272.7799987792969
2023-11-18 05:55:49.715,2023-11-18,0.26,night,2023-24,IN_PENG2025_NT,1.0,273.04766845703125,0.267669677734375,272.7799987792969
2023-11-22 04:20:49.527,2023-11-21,22.67,night,2023-24,IN_PENG2025_CCNT,1.0,272.1346740722656,0.11468505859375,272.0199890136719
2023-11-22 04:20:49.527,2023-11-21,22.67,night,2023-24,IN_PENG2025_NT,1.0,272.2707824707031,0.25079345703125,272.0199890136719
2023-11-26 02:45:49.182,2023-11-25,21.09,night,2023-24,IN_PENG2025_CCNT,0.53,271.5062561035156,-0.15374755859375,271.6600036621094
2023-11-26 02:45:49.182,2023-11-25,21.09,night,2023-24,IN_PENG2025_NT,0.88,271.3495788574219,-0.3104248046875,271.6600036621094
2023-12-14 19:27:37.424,2023-12-14,13.79,day,2023-24,IN_PENG2025_CCNT,1.0,283.66864013671875,-0.21136474609375,283.8800048828125
2023-12-14 19:27:37.424,2023-12-14,13.79,day,2023-24,IN_PENG2025_NT,1.0,283.9638366699219,0.083831787109375,283.8800048828125
2023-12-14 19:27:37.424,2023-12-14,13.79,day,2023-24,IN_PENG2025_CCNT,1.0,283.5873107910156,-0.292694091796875,283.8800048828125
2023-12-14 19:27:37.424,2023-12-14,13.79,day,2023-24,IN_PENG2025_NT,1.0,283.9377136230469,0.057708740234375,283.8800048828125
2024-01-14 07:18:49.763,2024-01-14,1.64,night,2023-24,IN_PENG2025_CCNT,1.0,260.4706726074219,0.190673828125,260.2799987792969
2024-01-14 07:18:49.763,2024-01-14,1.64,night,2023-24,IN_PENG2025_NT,0.96,260.3919982910156,0.11199951171875,260.2799987792969
2024-01-22 04:08:45.621,2024-01-21,22.47,night,2023-24,IN_PENG2025_CCNT,1.0,262.9620056152344,0.761993408203125,262.20001220703125
2024-01-22 04:08:45.621,2024-01-21,22.47,night,2023-24,IN_PENG2025_NT,1.0,262.2938537597656,0.093841552734375,262.20001220703125
2024-03-16 06:38:37.673,2024-03-16,0.97,night,2023-24,IN_PENG2025_CCNT,1.0,276.4293212890625,0.809326171875,275.6199951171875
2024-03-16 06:38:37.673,2024-03-16,0.97,night,2023-24,IN_PENG2025_NT,1.0,275.8753662109375,0.25537109375,275.6199951171875
2024-04-18 17:52:53.074,2024-04-18,12.21,day,2023-24,IN_PENG2025_CCNT,1.0,281.1953430175781,-1.6446533203125,282.8399963378906
2024-04-18 17:52:53.074,2024-04-18,12.21,day,2023-24,IN_PENG2025_NT,1.0,282.65155029296875,-0.188446044921875,282.8399963378906
2024-04-19 17:03:57.520,2024-04-19,11.39,day,2023-24,IN_PENG2025_CCNT,1.0,292.7586669921875,-0.0113525390625,292.77001953125
2024-04-19 17:03:57.520,2024-04-19,11.39,day,2023-24,IN_PENG2025_NT,1.0,293.04461669921875,0.27459716796875,292.77001953125
2024-04-22 09:44:30.606,2024-04-22,4.07,night,2023-24,IN_PENG2025_CCNT,1.0,276.2826843261719,1.32269287109375,274.9599914550781
2024-04-22 09:44:30.606,2024-04-22,4.07,night,2023-24,IN_PENG2025_NT,1.0,276.0999755859375,1.139984130859375,274.9599914550781
2024-05-08 09:34:02.415,2024-05-08,3.91,night,2023-24,IN_PENG2025_CCNT,1.0,287.1026611328125,0.24267578125,286.8599853515625
2024-05-08 09:34:02.415,2024-05-08,3.91,night,2023-24,IN_PENG2025_NT,1.0,287.26385498046875,0.40386962890625,286.8599853515625
2024-05-19 05:19:11.910,2024-05-18,23.66,night,2023-24,IN_PENG2025_CCNT,1.0,290.78668212890625,1.196685791015625,289.5899963378906
2024-05-19 05:19:11.910,2024-05-18,23.66,night,2023-24,IN_PENG2025_NT,1.0,290.37615966796875,0.786163330078125,289.5899963378906
2024-05-22 04:25:28.789,2024-05-21,22.76,night,2023-24,IN_PENG2025_CCNT,1.0,295.8627014160156,0.45269775390625,295.4100036621094
2024-05-22 04:25:28.789,2024-05-21,22.76,night,2023-24,IN_PENG2025_NT,1.0,295.90924072265625,0.499237060546875,295.4100036621094
2024-05-28 19:25:08.556,2024-05-28,13.76,day,2023-24,IN_PENG2025_CCNT,1.0,301.69268798828125,1.43267822265625,300.260009765625
2024-05-28 19:25:08.556,2024-05-28,13.76,day,2023-24,IN_PENG2025_NT,1.0,301.7238464355469,1.463836669921875,300.260009765625
