season,feature,group,z
2021-22,blue_m10_min,Ma: bands,-0.19440966871833795
2021-22,blue_m10_max,Ma: bands,0.023284019672248427
2021-22,blue_m11_min,Ma: bands,-1.1567883996810115
2021-22,blue_m11_max,Ma: bands,-0.40499527970201477
2021-22,blue_m12_min,Ma: bands,-0.5443500780904086
2021-22,blue_m12_max,Ma: bands,-0.5542237041139034
2021-22,blue_m01_min,Ma: bands,-0.43192630505662066
2021-22,blue_m01_max,Ma: bands,-0.31189341226541434
2021-22,blue_m02_min,Ma: bands,-0.3358895636282253
2021-22,blue_m02_max,Ma: bands,-0.24735618146902189
2021-22,blue_m03_min,Ma: bands,-0.26009398946052814
2021-22,blue_m03_max,Ma: bands,-0.18854620457661903
2021-22,blue_m04_min,Ma: bands,-0.1553975859015285
2021-22,blue_m04_max,Ma: bands,-0.12540620846370118
2021-22,blue_m05_min,Ma: bands,0.23046657377089266
2021-22,blue_m05_max,Ma: bands,-0.04767475755517826
2021-22,green_m10_min,Ma: bands,-0.22307987053698594
2021-22,green_m10_max,Ma: bands,0.36304098920271816
2021-22,green_m11_min,Ma: bands,-1.3174988123061369
2021-22,green_m11_max,Ma: bands,-0.39084805677433443
2021-22,green_m12_min,Ma: bands,-0.5546830694342934
2021-22,green_m12_max,Ma: bands,-0.4940231897037364
2021-22,green_m01_min,Ma: bands,-0.4383192591642117
2021-22,green_m01_max,Ma: bands,-0.28495785106958954
2021-22,green_m02_min,Ma: bands,-0.32945199966480987
2021-22,green_m02_max,Ma: bands,-0.17012836095465
2021-22,green_m03_min,Ma: bands,-0.19061690452108318
2021-22,green_m03_max,Ma: bands,-0.02519847548619369
2021-22,green_m04_min,Ma: bands,-0.017028556763260077
2021-22,green_m04_max,Ma: bands,0.11226375799173373
2021-22,green_m05_min,Ma: bands,0.49197388235818607
2021-22,green_m05_max,Ma: bands,0.1458156527075241
2021-22,red_m10_min,Ma: bands,-0.3454388871403923
2021-22,red_m10_max,Ma: bands,-0.20446068145947674
2021-22,red_m11_min,Ma: bands,-0.6800192728479009
2021-22,red_m11_max,Ma: bands,-0.3173692422104639
2021-22,red_m12_min,Ma: bands,-0.39518399140500904
2021-22,red_m12_max,Ma: bands,-0.40243853078418274
2021-22,red_m01_min,Ma: bands,-0.3818757203101743
2021-22,red_m01_max,Ma: bands,-0.3052447099484769
2021-22,red_m02_min,Ma: bands,-0.3747562181652984
2021-22,red_m02_max,Ma: bands,-0.25043644143532434
2021-22,red_m03_min,Ma: bands,-0.27487292418287146
2021-22,red_m03_max,Ma: bands,-0.16264477308307337
2021-22,red_m04_min,Ma: bands,-0.09262450515610217
2021-22,red_m04_max,Ma: bands,-0.0636497678017737
2021-22,red_m05_min,Ma: bands,0.09239294980390368
2021-22,red_m05_max,Ma: bands,-0.011024199060863117
2021-22,nir_m10_min,Ma: bands,0.02511837780858709
2021-22,nir_m10_max,Ma: bands,0.17827680782230276
2021-22,nir_m11_min,Ma: bands,-0.1621790959348321
2021-22,nir_m11_max,Ma: bands,0.029953348701187616
2021-22,nir_m12_min,Ma: bands,-0.31068485205363316
2021-22,nir_m12_max,Ma: bands,-0.18856791895592848
2021-22,nir_m01_min,Ma: bands,-0.3522552215471681
2021-22,nir_m01_max,Ma: bands,-0.21550306514009027
2021-22,nir_m02_min,Ma: bands,-0.3459069038359103
2021-22,nir_m02_max,Ma: bands,-0.14806027429255156
2021-22,nir_m03_min,Ma: bands,-0.2117257839247913
2021-22,nir_m03_max,Ma: bands,-0.027749687802877402
2021-22,nir_m04_min,Ma: bands,-0.02167466950014509
2021-22,nir_m04_max,Ma: bands,0.11490622526666329
2021-22,nir_m05_min,Ma: bands,0.10623866519695516
2021-22,nir_m05_max,Ma: bands,0.16035820998066402
2021-22,swir1_m10_min,Ma: bands,-0.21483921429620184
2021-22,swir1_m10_max,Ma: bands,-0.1422989613742145
2021-22,swir1_m11_min,Ma: bands,-1.315412772578653
2021-22,swir1_m11_max,Ma: bands,-0.4869263974991106
2021-22,swir1_m12_min,Ma: bands,-1.4102175667674381
2021-22,swir1_m12_max,Ma: bands,-1.1115883333752408
2021-22,swir1_m01_min,Ma: bands,-1.4814027621703356
2021-22,swir1_m01_max,Ma: bands,-1.286444063534931
2021-22,swir1_m02_min,Ma: bands,-1.3588067945012439
2021-22,swir1_m02_max,Ma: bands,-0.9202399129665444
2021-22,swir1_m03_min,Ma: bands,-0.8930624769105103
2021-22,swir1_m03_max,Ma: bands,-0.14550007174858465
2021-22,swir1_m04_min,Ma: bands,-0.12135413558758637
2021-22,swir1_m04_max,Ma: bands,-0.062034177995692746
2021-22,swir1_m05_min,Ma: bands,-0.42395850856949985
2021-22,swir1_m05_max,Ma: bands,-0.09874876115438469
2021-22,swir2_m10_min,Ma: bands,0.02210628672753426
2021-22,swir2_m10_max,Ma: bands,-0.1568378138469271
2021-22,swir2_m11_min,Ma: bands,-1.1330337597074647
2021-22,swir2_m11_max,Ma: bands,-0.3713817335512872
2021-22,swir2_m12_min,Ma: bands,-1.4541839468312736
2021-22,swir2_m12_max,Ma: bands,-1.052810699405649
2021-22,swir2_m01_min,Ma: bands,-1.5323875564424045
2021-22,swir2_m01_max,Ma: bands,-1.3590735078940934
2021-22,swir2_m02_min,Ma: bands,-1.432410706184262
2021-22,swir2_m02_max,Ma: bands,-0.9703762943827585
2021-22,swir2_m03_min,Ma: bands,-0.9321317700703455
2021-22,swir2_m03_max,Ma: bands,-0.13885329223804813
2021-22,swir2_m04_min,Ma: bands,-0.10647408848840383
2021-22,swir2_m04_max,Ma: bands,-0.043540264414825516
2021-22,swir2_m05_min,Ma: bands,-0.3179572648611873
2021-22,swir2_m05_max,Ma: bands,-0.06806038488906838
2021-22,ndvi_m10_min,Ma: NDVI/GCVI,0.2985588806435008
2021-22,ndvi_m10_max,Ma: NDVI/GCVI,0.318212882521336
2021-22,ndvi_m11_min,Ma: NDVI/GCVI,0.2864095015813213
2021-22,ndvi_m11_max,Ma: NDVI/GCVI,0.237341111660834
2021-22,ndvi_m12_min,Ma: NDVI/GCVI,0.35822809522428817
2021-22,ndvi_m12_max,Ma: NDVI/GCVI,0.19049202865624706
2021-22,ndvi_m01_min,Ma: NDVI/GCVI,0.3306236834072456
2021-22,ndvi_m01_max,Ma: NDVI/GCVI,0.24707507636338558
2021-22,ndvi_m02_min,Ma: NDVI/GCVI,0.3094627987711845
2021-22,ndvi_m02_max,Ma: NDVI/GCVI,0.34336113454560835
2021-22,ndvi_m03_min,Ma: NDVI/GCVI,0.21245628221576462
2021-22,ndvi_m03_max,Ma: NDVI/GCVI,0.17295305856972482
2021-22,ndvi_m04_min,Ma: NDVI/GCVI,0.11125068861260506
2021-22,ndvi_m04_max,Ma: NDVI/GCVI,0.07681033559100603
2021-22,ndvi_m05_min,Ma: NDVI/GCVI,0.07698150298102883
2021-22,ndvi_m05_max,Ma: NDVI/GCVI,0.10305524354438844
2021-22,gcvi_m10_min,Ma: NDVI/GCVI,0.0793083450825404
2021-22,gcvi_m10_max,Ma: NDVI/GCVI,0.044330947864971285
2021-22,gcvi_m11_min,Ma: NDVI/GCVI,0.17887620270706517
2021-22,gcvi_m11_max,Ma: NDVI/GCVI,0.188241828981204
2021-22,gcvi_m12_min,Ma: NDVI/GCVI,0.39521177216435266
2021-22,gcvi_m12_max,Ma: NDVI/GCVI,0.25884392171686676
2021-22,gcvi_m01_min,Ma: NDVI/GCVI,0.3243264234141748
2021-22,gcvi_m01_max,Ma: NDVI/GCVI,0.3464084165889045
2021-22,gcvi_m02_min,Ma: NDVI/GCVI,0.1614213023330665
2021-22,gcvi_m02_max,Ma: NDVI/GCVI,0.32381805364944666
2021-22,gcvi_m03_min,Ma: NDVI/GCVI,-0.019163437813015247
2021-22,gcvi_m03_max,Ma: NDVI/GCVI,0.1255434258436125
2021-22,gcvi_m04_min,Ma: NDVI/GCVI,-0.01742539237992183
2021-22,gcvi_m04_max,Ma: NDVI/GCVI,0.0024753566860251214
2021-22,gcvi_m05_min,Ma: NDVI/GCVI,0.003152230768342297
2021-22,gcvi_m05_max,Ma: NDVI/GCVI,0.006070521119047738
2021-22,ndti_m10_min,NDTI/STI,0.08033417988609516
2021-22,ndti_m10_max,NDTI/STI,-0.08806638809330675
2021-22,ndti_m11_min,NDTI/STI,0.15776586129989598
2021-22,ndti_m11_max,NDTI/STI,0.4672539748193077
2021-22,ndti_m12_min,NDTI/STI,0.8034702207130431
2021-22,ndti_m12_max,NDTI/STI,0.9667138287119108
2021-22,ndti_m01_min,NDTI/STI,1.4804471581566818
2021-22,ndti_m01_max,NDTI/STI,1.2405987144238668
2021-22,ndti_m02_min,NDTI/STI,0.8965171905673969
2021-22,ndti_m02_max,NDTI/STI,1.3374181962693639
2021-22,ndti_m03_min,NDTI/STI,0.06879657381560557
2021-22,ndti_m03_max,NDTI/STI,0.7560998778113518
2021-22,ndti_m04_min,NDTI/STI,-0.014519386283605792
2021-22,ndti_m04_max,NDTI/STI,0.022330268962525424
2021-22,ndti_m05_min,NDTI/STI,0.026877900378523386
2021-22,ndti_m05_max,NDTI/STI,0.17933250616106014
2021-22,sti_m10_min,NDTI/STI,0.05854716368458983
2021-22,sti_m10_max,NDTI/STI,-0.0569399815127654
2021-22,sti_m11_min,NDTI/STI,0.13182691729248117
2021-22,sti_m11_max,NDTI/STI,0.35801788159423353
2021-22,sti_m12_min,NDTI/STI,0.7286998542908559
2021-22,sti_m12_max,NDTI/STI,0.8323685224999864
2021-22,sti_m01_min,NDTI/STI,1.3960727468706071
2021-22,sti_m01_max,NDTI/STI,1.1420104081603475
2021-22,sti_m02_min,NDTI/STI,0.8896262100427234
2021-22,sti_m02_max,NDTI/STI,1.2606718518996842
2021-22,sti_m03_min,NDTI/STI,0.06941051779479883
2021-22,sti_m03_max,NDTI/STI,0.7378125519231088
2021-22,sti_m04_min,NDTI/STI,-0.014240108918065828
2021-22,sti_m04_max,NDTI/STI,0.027033484890377192
2021-22,sti_m05_min,NDTI/STI,0.03138000593186643
2021-22,sti_m05_max,NDTI/STI,0.1555848796670475
2021-22,raw_ndvi_m10_max,LST / fall / raw,0.3168290694759891
2021-22,raw_ndvi_m11_max,LST / fall / raw,0.31878889299505175
2021-22,raw_ndvi_m12_max,LST / fall / raw,0.2889148174369242
2021-22,raw_ndvi_m01_max,LST / fall / raw,
2021-22,raw_ndvi_m02_max,LST / fall / raw,-0.10716009025757196
2021-22,raw_ndvi_m03_max,LST / fall / raw,0.364378217394471
2021-22,raw_ndvi_m04_max,LST / fall / raw,0.06724538155122202
2021-22,raw_ndvi_m05_max,LST / fall / raw,0.15705758794358293
2021-22,raw_gcvi_m10_max,LST / fall / raw,0.10846295752284786
2021-22,raw_gcvi_m11_max,LST / fall / raw,0.22284334135810244
2021-22,raw_gcvi_m12_max,LST / fall / raw,0.43507543879232796
2021-22,raw_gcvi_m01_max,LST / fall / raw,
2021-22,raw_gcvi_m02_max,LST / fall / raw,-0.09498650299110868
2021-22,raw_gcvi_m03_max,LST / fall / raw,0.2345162636423651
2021-22,raw_gcvi_m04_max,LST / fall / raw,-0.0505158621890877
2021-22,raw_gcvi_m05_max,LST / fall / raw,0.05666383754368071
2021-22,raw_ndti_m10_max,LST / fall / raw,0.045544992876297236
2021-22,raw_ndti_m11_max,LST / fall / raw,0.59643394738728
2021-22,raw_ndti_m12_max,LST / fall / raw,0.9211022897041427
2021-22,raw_ndti_m01_max,LST / fall / raw,
2021-22,raw_ndti_m02_max,LST / fall / raw,0.3653211046879893
2021-22,raw_ndti_m03_max,LST / fall / raw,1.4530425788132508
2021-22,raw_ndti_m04_max,LST / fall / raw,-0.044631076804046606
2021-22,raw_ndti_m05_max,LST / fall / raw,0.3251813349262335
2021-22,lstrel_m10,LST / fall / raw,
2021-22,lstrel_m11,LST / fall / raw,0.34472604851946437
2021-22,lstrel_m12,LST / fall / raw,
2021-22,lstrel_m01,LST / fall / raw,-0.18628006326170266
2021-22,lstrel_m02,LST / fall / raw,
2021-22,lstrel_m03,LST / fall / raw,-0.1748155585057701
2021-22,lstrel_m04,LST / fall / raw,-0.1190467699532432
2021-22,lstrel_m05,LST / fall / raw,-0.22093597273445417
2021-22,fall_ndvi,LST / fall / raw,0.26600534399854153
2021-22,fall_ndti,LST / fall / raw,0.24742563152495992
2021-22,fall_sti,LST / fall / raw,0.19154745349472438
2021-22,fall_lstrel,LST / fall / raw,0.34472604851946437
2021-22,spr_ndvi_max,LST / fall / raw,0.15705758794358293
2021-22,s1_vv_m10,Sentinel-1,0.22272542319778654
2021-22,s1_vh_m10,Sentinel-1,0.12180115585524172
2021-22,s1_cr_m10,Sentinel-1,-0.10196205256170927
2021-22,s1_vv_m11,Sentinel-1,-0.026630423601135964
2021-22,s1_vh_m11,Sentinel-1,0.38221105172113523
2021-22,s1_cr_m11,Sentinel-1,0.5778116230662187
2021-22,s1_vv_m12,Sentinel-1,1.5624313051352503
2021-22,s1_vh_m12,Sentinel-1,0.34803463349343683
2021-22,s1_cr_m12,Sentinel-1,-1.66730920685813
2021-22,s1_vv_m01,Sentinel-1,1.6169377143435317
2021-22,s1_vh_m01,Sentinel-1,1.2171122492299378
2021-22,s1_cr_m01,Sentinel-1,-0.8043346159997797
2021-22,s1_vv_m02,Sentinel-1,-0.41118397211570995
2021-22,s1_vh_m02,Sentinel-1,-2.46962171136538
2021-22,s1_cr_m02,Sentinel-1,-1.843945536521625
2021-22,s1_vv_m03,Sentinel-1,0.5326780554573326
2021-22,s1_vh_m03,Sentinel-1,0.46865722520341896
2021-22,s1_cr_m03,Sentinel-1,-0.04496606164774205
2021-22,s1_vv_m04,Sentinel-1,0.2765161741867665
2021-22,s1_vh_m04,Sentinel-1,0.06987006474206392
2021-22,s1_cr_m04,Sentinel-1,-0.14905948186778492
2021-22,s1_vv_m05,Sentinel-1,0.049488102945088194
2021-22,s1_vh_m05,Sentinel-1,-0.26220448341363917
2021-22,s1_cr_m05,Sentinel-1,-0.21791430139259388
2021-22,tmean_m10,Ma: weather,0.0
2021-22,prcp_m10,Ma: weather,0.0
2021-22,tmean_m11,Ma: weather,0.0
2021-22,prcp_m11,Ma: weather,0.0
2021-22,tmean_m12,Ma: weather,0.0
2021-22,prcp_m12,Ma: weather,0.0
2021-22,tmean_m01,Ma: weather,0.0
2021-22,prcp_m01,Ma: weather,0.0
2021-22,tmean_m02,Ma: weather,0.0
2021-22,prcp_m02,Ma: weather,0.0
2021-22,tmean_m03,Ma: weather,0.0
2021-22,prcp_m03,Ma: weather,0.0
2021-22,tmean_m04,Ma: weather,0.0
2021-22,prcp_m04,Ma: weather,0.0
2021-22,tmean_m05,Ma: weather,0.0
2021-22,prcp_m05,Ma: weather,0.0
2022-23,blue_m10_min,Ma: bands,0.29628389776965436
2022-23,blue_m10_max,Ma: bands,-0.0807333369569218
2022-23,blue_m11_min,Ma: bands,-0.09150071702646513
2022-23,blue_m11_max,Ma: bands,-0.5613158432782647
2022-23,blue_m12_min,Ma: bands,-0.5571523647785751
2022-23,blue_m12_max,Ma: bands,-0.8220219410430845
2022-23,blue_m01_min,Ma: bands,-0.7408773559619057
2022-23,blue_m01_max,Ma: bands,-0.769743117113349
2022-23,blue_m02_min,Ma: bands,-0.6939599525935761
2022-23,blue_m02_max,Ma: bands,-0.7699039436539237
2022-23,blue_m03_min,Ma: bands,-0.7035211782108027
2022-23,blue_m03_max,Ma: bands,-0.6197910395547653
2022-23,blue_m04_min,Ma: bands,-0.5872968504222361
2022-23,blue_m04_max,Ma: bands,-0.7240176096567669
2022-23,blue_m05_min,Ma: bands,-0.806533635712542
2022-23,blue_m05_max,Ma: bands,-0.911617537828065
2022-23,green_m10_min,Ma: bands,0.3775371115282485
2022-23,green_m10_max,Ma: bands,-0.13927288058468468
2022-23,green_m11_min,Ma: bands,-0.14487705306271553
2022-23,green_m11_max,Ma: bands,-0.6769904019232
2022-23,green_m12_min,Ma: bands,-0.6340744636755903
2022-23,green_m12_max,Ma: bands,-0.8874632142210617
2022-23,green_m01_min,Ma: bands,-0.8151316727913519
2022-23,green_m01_max,Ma: bands,-0.8215672329108091
2022-23,green_m02_min,Ma: bands,-0.7686625556823671
2022-23,green_m02_max,Ma: bands,-0.8756501320728834
2022-23,green_m03_min,Ma: bands,-0.7568377537172494
2022-23,green_m03_max,Ma: bands,-0.6879947118276908
2022-23,green_m04_min,Ma: bands,-0.6357405919560485
2022-23,green_m04_max,Ma: bands,-0.751960457685099
2022-23,green_m05_min,Ma: bands,-0.6945149376739622
2022-23,green_m05_max,Ma: bands,-0.9342142684026462
2022-23,red_m10_min,Ma: bands,0.3006203640814013
2022-23,red_m10_max,Ma: bands,-0.30278146533002087
2022-23,red_m11_min,Ma: bands,-0.28552543309695827
2022-23,red_m11_max,Ma: bands,-0.6811161251845339
2022-23,red_m12_min,Ma: bands,-0.6613219951826719
2022-23,red_m12_max,Ma: bands,-0.8361365575852734
2022-23,red_m01_min,Ma: bands,-0.7320369396327883
2022-23,red_m01_max,Ma: bands,-0.797808810086332
2022-23,red_m02_min,Ma: bands,-0.7218595302347423
2022-23,red_m02_max,Ma: bands,-0.780721652252843
2022-23,red_m03_min,Ma: bands,-0.683782241062901
2022-23,red_m03_max,Ma: bands,-0.6578874066111258
2022-23,red_m04_min,Ma: bands,-0.6462655097072842
2022-23,red_m04_max,Ma: bands,-0.8637839781503609
2022-23,red_m05_min,Ma: bands,-0.8611626906482066
2022-23,red_m05_max,Ma: bands,-1.0186597727668913
2022-23,nir_m10_min,Ma: bands,-0.06608409310622855
2022-23,nir_m10_max,Ma: bands,0.005321419257017905
2022-23,nir_m11_min,Ma: bands,-0.15490280918855864
2022-23,nir_m11_max,Ma: bands,-0.06602606769478994
2022-23,nir_m12_min,Ma: bands,-0.34246936828266317
2022-23,nir_m12_max,Ma: bands,-0.15896122263928447
2022-23,nir_m01_min,Ma: bands,-0.45400634201274426
2022-23,nir_m01_max,Ma: bands,-0.3760505459150329
2022-23,nir_m02_min,Ma: bands,-0.34463761448815455
2022-23,nir_m02_max,Ma: bands,-0.5929181890287075
2022-23,nir_m03_min,Ma: bands,-0.260737610604865
2022-23,nir_m03_max,Ma: bands,-0.024057591229769235
2022-23,nir_m04_min,Ma: bands,0.028057108636830332
2022-23,nir_m04_max,Ma: bands,0.23449133399257566
2022-23,nir_m05_min,Ma: bands,0.23995919817597014
2022-23,nir_m05_max,Ma: bands,0.3805996609755933
2022-23,swir1_m10_min,Ma: bands,0.3109217146475657
2022-23,swir1_m10_max,Ma: bands,-0.24262346819411137
2022-23,swir1_m11_min,Ma: bands,-0.22680741858544667
2022-23,swir1_m11_max,Ma: bands,-0.7408033461928984
2022-23,swir1_m12_min,Ma: bands,-0.6473169072879958
2022-23,swir1_m12_max,Ma: bands,-0.8789245726858779
2022-23,swir1_m01_min,Ma: bands,-0.685019282881282
2022-23,swir1_m01_max,Ma: bands,-0.7567610135018116
2022-23,swir1_m02_min,Ma: bands,-0.6839611231167816
2022-23,swir1_m02_max,Ma: bands,-0.7535677379819765
2022-23,swir1_m03_min,Ma: bands,-0.6738452141985515
2022-23,swir1_m03_max,Ma: bands,-0.7404034961396457
2022-23,swir1_m04_min,Ma: bands,-0.6383608390806098
2022-23,swir1_m04_max,Ma: bands,-0.8261009849297656
2022-23,swir1_m05_min,Ma: bands,-0.725523453348279
2022-23,swir1_m05_max,Ma: bands,-0.9320894071220425
2022-23,swir2_m10_min,Ma: bands,0.21700418835919086
2022-23,swir2_m10_max,Ma: bands,-0.049419686016980324
2022-23,swir2_m11_min,Ma: bands,-0.05744724706707474
2022-23,swir2_m11_max,Ma: bands,-0.46842542376387836
2022-23,swir2_m12_min,Ma: bands,-0.5098187761427412
2022-23,swir2_m12_max,Ma: bands,-0.801546992606767
2022-23,swir2_m01_min,Ma: bands,-0.7172809992750337
2022-23,swir2_m01_max,Ma: bands,-0.788985372714073
2022-23,swir2_m02_min,Ma: bands,-0.68509649706121
2022-23,swir2_m02_max,Ma: bands,-0.7311824280270801
2022-23,swir2_m03_min,Ma: bands,-0.7051862735310956
2022-23,swir2_m03_max,Ma: bands,-0.5754139569358294
2022-23,swir2_m04_min,Ma: bands,-0.5918381362268897
2022-23,swir2_m04_max,Ma: bands,-0.7155863972689094
2022-23,swir2_m05_min,Ma: bands,-0.7226009186119007
2022-23,swir2_m05_max,Ma: bands,-0.859354926929739
2022-23,ndvi_m10_min,Ma: NDVI/GCVI,0.11995107774342313
2022-23,ndvi_m10_max,Ma: NDVI/GCVI,-0.1925371906965218
2022-23,ndvi_m11_min,Ma: NDVI/GCVI,0.3235195039991172
2022-23,ndvi_m11_max,Ma: NDVI/GCVI,0.11783665807149415
2022-23,ndvi_m12_min,Ma: NDVI/GCVI,0.4402377303932534
2022-23,ndvi_m12_max,Ma: NDVI/GCVI,0.32007552326931427
2022-23,ndvi_m01_min,Ma: NDVI/GCVI,0.4669150508772741
2022-23,ndvi_m01_max,Ma: NDVI/GCVI,0.29674362954630146
2022-23,ndvi_m02_min,Ma: NDVI/GCVI,0.33773279512813686
2022-23,ndvi_m02_max,Ma: NDVI/GCVI,0.34565733001118937
2022-23,ndvi_m03_min,Ma: NDVI/GCVI,0.34584929720486757
2022-23,ndvi_m03_max,Ma: NDVI/GCVI,0.45253814312729895
2022-23,ndvi_m04_min,Ma: NDVI/GCVI,0.5722126562958599
2022-23,ndvi_m04_max,Ma: NDVI/GCVI,0.6533102971199339
2022-23,ndvi_m05_min,Ma: NDVI/GCVI,0.8046112723885963
2022-23,ndvi_m05_max,Ma: NDVI/GCVI,0.781318852143991
2022-23,gcvi_m10_min,Ma: NDVI/GCVI,-0.08470950862094427
2022-23,gcvi_m10_max,Ma: NDVI/GCVI,-0.40579839459336814
2022-23,gcvi_m11_min,Ma: NDVI/GCVI,0.2079361014108438
2022-23,gcvi_m11_max,Ma: NDVI/GCVI,-0.06346372688236332
2022-23,gcvi_m12_min,Ma: NDVI/GCVI,0.42709850600190785
2022-23,gcvi_m12_max,Ma: NDVI/GCVI,0.21302826981075734
2022-23,gcvi_m01_min,Ma: NDVI/GCVI,0.4724899450114062
2022-23,gcvi_m01_max,Ma: NDVI/GCVI,0.1491989320114211
2022-23,gcvi_m02_min,Ma: NDVI/GCVI,0.20829948825951328
2022-23,gcvi_m02_max,Ma: NDVI/GCVI,0.100433692179135
2022-23,gcvi_m03_min,Ma: NDVI/GCVI,0.4974366040459431
2022-23,gcvi_m03_max,Ma: NDVI/GCVI,0.06338749312711603
2022-23,gcvi_m04_min,Ma: NDVI/GCVI,0.4365924312016089
2022-23,gcvi_m04_max,Ma: NDVI/GCVI,0.20995552989496993
2022-23,gcvi_m05_min,Ma: NDVI/GCVI,0.45504656830645196
2022-23,gcvi_m05_max,Ma: NDVI/GCVI,0.3047688714686593
2022-23,ndti_m10_min,NDTI/STI,-0.12666954252246154
2022-23,ndti_m10_max,NDTI/STI,-0.23818502450064585
2022-23,ndti_m11_min,NDTI/STI,0.05573015846920568
2022-23,ndti_m11_max,NDTI/STI,-0.11390945003454477
2022-23,ndti_m12_min,NDTI/STI,0.27098792588070797
2022-23,ndti_m12_max,NDTI/STI,0.06379345260478346
2022-23,ndti_m01_min,NDTI/STI,0.35105019557870354
2022-23,ndti_m01_max,NDTI/STI,0.3102936338012791
2022-23,ndti_m02_min,NDTI/STI,0.3568463408352508
2022-23,ndti_m02_max,NDTI/STI,0.3031811776525202
2022-23,ndti_m03_min,NDTI/STI,0.2787793840676463
2022-23,ndti_m03_max,NDTI/STI,0.3223992523700996
2022-23,ndti_m04_min,NDTI/STI,0.25470087332999797
2022-23,ndti_m04_max,NDTI/STI,0.43347767809504534
2022-23,ndti_m05_min,NDTI/STI,0.43321230843356895
2022-23,ndti_m05_max,NDTI/STI,0.4982098943852713
2022-23,sti_m10_min,NDTI/STI,-0.12834053334360718
2022-23,sti_m10_max,NDTI/STI,-0.29811063514996267
2022-23,sti_m11_min,NDTI/STI,0.07111921149362442
2022-23,sti_m11_max,NDTI/STI,-0.11347858414476023
2022-23,sti_m12_min,NDTI/STI,0.2701002706978216
2022-23,sti_m12_max,NDTI/STI,0.07896180424688408
2022-23,sti_m01_min,NDTI/STI,0.34433976859146603
2022-23,sti_m01_max,NDTI/STI,0.24929989854082085
2022-23,sti_m02_min,NDTI/STI,0.30228151430519856
2022-23,sti_m02_max,NDTI/STI,0.22976948745085474
2022-23,sti_m03_min,NDTI/STI,0.20646304705192034
2022-23,sti_m03_max,NDTI/STI,0.25344333149744536
2022-23,sti_m04_min,NDTI/STI,0.2663406255755234
2022-23,sti_m04_max,NDTI/STI,0.35852890277770405
2022-23,sti_m05_min,NDTI/STI,0.4025857814859232
2022-23,sti_m05_max,NDTI/STI,0.4027940362547268
2022-23,raw_ndvi_m10_max,LST / fall / raw,-0.27087269765583116
2022-23,raw_ndvi_m11_max,LST / fall / raw,0.27298003261870735
2022-23,raw_ndvi_m12_max,LST / fall / raw,0.25339119196036347
2022-23,raw_ndvi_m01_max,LST / fall / raw,0.36519965639854796
2022-23,raw_ndvi_m02_max,LST / fall / raw,0.504947466825458
2022-23,raw_ndvi_m03_max,LST / fall / raw,0.7622815842114067
2022-23,raw_ndvi_m04_max,LST / fall / raw,0.3972811748149641
2022-23,raw_ndvi_m05_max,LST / fall / raw,0.7293731053955742
2022-23,raw_gcvi_m10_max,LST / fall / raw,-0.5991110975301717
2022-23,raw_gcvi_m11_max,LST / fall / raw,0.07351831826997526
2022-23,raw_gcvi_m12_max,LST / fall / raw,0.12278477737017976
2022-23,raw_gcvi_m01_max,LST / fall / raw,0.24570546314341302
2022-23,raw_gcvi_m02_max,LST / fall / raw,0.4699299353471235
2022-23,raw_gcvi_m03_max,LST / fall / raw,0.503475134408013
2022-23,raw_gcvi_m04_max,LST / fall / raw,0.185451395769265
2022-23,raw_gcvi_m05_max,LST / fall / raw,0.3124301231044468
2022-23,raw_ndti_m10_max,LST / fall / raw,-0.4014756136627826
2022-23,raw_ndti_m11_max,LST / fall / raw,-0.1284937575274023
2022-23,raw_ndti_m12_max,LST / fall / raw,0.09689163193429404
2022-23,raw_ndti_m01_max,LST / fall / raw,0.16729532284984452
2022-23,raw_ndti_m02_max,LST / fall / raw,0.733191116289767
2022-23,raw_ndti_m03_max,LST / fall / raw,1.0774651774956836
2022-23,raw_ndti_m04_max,LST / fall / raw,0.408132720976875
2022-23,raw_ndti_m05_max,LST / fall / raw,0.4911277003418945
2022-23,lstrel_m10,LST / fall / raw,0.03011015826394553
2022-23,lstrel_m11,LST / fall / raw,0.28706712602965834
2022-23,lstrel_m12,LST / fall / raw,-0.2803122968738921
2022-23,lstrel_m01,LST / fall / raw,-0.06357294334432659
2022-23,lstrel_m02,LST / fall / raw,0.666668634219598
2022-23,lstrel_m03,LST / fall / raw,-0.3958283909415218
2022-23,lstrel_m04,LST / fall / raw,0.09520844996861767
2022-23,lstrel_m05,LST / fall / raw,-0.776459287475232
2022-23,fall_ndvi,LST / fall / raw,0.049373254501895954
2022-23,fall_ndti,LST / fall / raw,-0.1434161767923911
2022-23,fall_sti,LST / fall / raw,-0.16874489894245476
2022-23,fall_lstrel,LST / fall / raw,0.14739746510065405
2022-23,spr_ndvi_max,LST / fall / raw,0.7293731053955742
2022-23,s1_vv_m10,Sentinel-1,0.6450661595268572
2022-23,s1_vh_m10,Sentinel-1,0.2167647194905075
2022-23,s1_cr_m10,Sentinel-1,-0.43298004200527157
2022-23,s1_vv_m11,Sentinel-1,0.17582174235832962
2022-23,s1_vh_m11,Sentinel-1,0.5729066579148906
2022-23,s1_cr_m11,Sentinel-1,0.6324904687159281
2022-23,s1_vv_m12,Sentinel-1,0.319141702309228
2022-23,s1_vh_m12,Sentinel-1,0.8819990283075815
2022-23,s1_cr_m12,Sentinel-1,0.38144017679969466
2022-23,s1_vv_m01,Sentinel-1,0.32029109136592826
2022-23,s1_vh_m01,Sentinel-1,0.707350221813528
2022-23,s1_cr_m01,Sentinel-1,0.11812997957733316
2022-23,s1_vv_m02,Sentinel-1,0.26155551100451935
2022-23,s1_vh_m02,Sentinel-1,0.7644927212283967
2022-23,s1_cr_m02,Sentinel-1,0.3228798751862645
2022-23,s1_vv_m03,Sentinel-1,0.35325325512840594
2022-23,s1_vh_m03,Sentinel-1,0.572032606216319
2022-23,s1_cr_m03,Sentinel-1,0.28788748401834263
2022-23,s1_vv_m04,Sentinel-1,-0.30053444385473194
2022-23,s1_vh_m04,Sentinel-1,0.4852272546997958
2022-23,s1_cr_m04,Sentinel-1,0.7125510711967383
2022-23,s1_vv_m05,Sentinel-1,-0.9034310456945418
2022-23,s1_vh_m05,Sentinel-1,0.408237200022707
2022-23,s1_cr_m05,Sentinel-1,1.0954942399960015
2022-23,tmean_m10,Ma: weather,0.0
2022-23,prcp_m10,Ma: weather,0.0
2022-23,tmean_m11,Ma: weather,0.0
2022-23,prcp_m11,Ma: weather,0.0
2022-23,tmean_m12,Ma: weather,0.0
2022-23,prcp_m12,Ma: weather,0.0
2022-23,tmean_m01,Ma: weather,0.0
2022-23,prcp_m01,Ma: weather,0.0
2022-23,tmean_m02,Ma: weather,0.0
2022-23,prcp_m02,Ma: weather,0.0
2022-23,tmean_m03,Ma: weather,0.0
2022-23,prcp_m03,Ma: weather,0.0
2022-23,tmean_m04,Ma: weather,0.0
2022-23,prcp_m04,Ma: weather,0.0
2022-23,tmean_m05,Ma: weather,0.0
2022-23,prcp_m05,Ma: weather,0.0
2023-24,blue_m10_min,Ma: bands,-1.6335481178712903
2023-24,blue_m10_max,Ma: bands,-1.0024377706495518
2023-24,blue_m11_min,Ma: bands,-0.401841710548723
2023-24,blue_m11_max,Ma: bands,-0.362451339925355
2023-24,blue_m12_min,Ma: bands,0.2398072647994967
2023-24,blue_m12_max,Ma: bands,0.06155682157505904
2023-24,blue_m01_min,Ma: bands,0.08199032491071152
2023-24,blue_m01_max,Ma: bands,0.21497797076936023
2023-24,blue_m02_min,Ma: bands,0.0488010986364766
2023-24,blue_m02_max,Ma: bands,-0.08953270860669031
2023-24,blue_m03_min,Ma: bands,-0.09460881955827917
2023-24,blue_m03_max,Ma: bands,0.08838652798379847
2023-24,blue_m04_min,Ma: bands,0.2565757120394462
2023-24,blue_m04_max,Ma: bands,0.20230901781546615
2023-24,blue_m05_min,Ma: bands,0.21545386895082777
2023-24,blue_m05_max,Ma: bands,0.38110254950879
2023-24,green_m10_min,Ma: bands,-1.4394046933809652
2023-24,green_m10_max,Ma: bands,-1.005667014209289
2023-24,green_m11_min,Ma: bands,-0.37625589114972047
2023-24,green_m11_max,Ma: bands,-0.18422102772725685
2023-24,green_m12_min,Ma: bands,0.3388223588754223
2023-24,green_m12_max,Ma: bands,0.16777464799290742
2023-24,green_m01_min,Ma: bands,0.18345610148098793
2023-24,green_m01_max,Ma: bands,0.2927882341993157
2023-24,green_m02_min,Ma: bands,0.14201806838726946
2023-24,green_m02_max,Ma: bands,-0.06380858259422795
2023-24,green_m03_min,Ma: bands,-0.07704452543861107
2023-24,green_m03_max,Ma: bands,0.14626463368197426
2023-24,green_m04_min,Ma: bands,0.13718284708601394
2023-24,green_m04_max,Ma: bands,0.37135203045637355
2023-24,green_m05_min,Ma: bands,0.28709730516164883
2023-24,green_m05_max,Ma: bands,0.48020926127866836
2023-24,red_m10_min,Ma: bands,-1.4009553022044319
2023-24,red_m10_max,Ma: bands,-0.6838073073129884
2023-24,red_m11_min,Ma: bands,-0.24243440029518698
2023-24,red_m11_max,Ma: bands,-0.0743668731405472
2023-24,red_m12_min,Ma: bands,0.19449735017141512
2023-24,red_m12_max,Ma: bands,0.1412357321111873
2023-24,red_m01_min,Ma: bands,0.04676610355501446
2023-24,red_m01_max,Ma: bands,0.18069653112210307
2023-24,red_m02_min,Ma: bands,-0.02605136324550774
2023-24,red_m02_max,Ma: bands,-0.12295911500217285
2023-24,red_m03_min,Ma: bands,-0.11769011509543974
2023-24,red_m03_max,Ma: bands,0.139137616610209
2023-24,red_m04_min,Ma: bands,0.32584489391094296
2023-24,red_m04_max,Ma: bands,0.18052509275980744
2023-24,red_m05_min,Ma: bands,0.12578428845987155
2023-24,red_m05_max,Ma: bands,0.3642717445002743
2023-24,nir_m10_min,Ma: bands,-0.37819260066059013
2023-24,nir_m10_max,Ma: bands,-0.014860544021875909
2023-24,nir_m11_min,Ma: bands,0.11670387577022405
2023-24,nir_m11_max,Ma: bands,0.20996792599007097
2023-24,nir_m12_min,Ma: bands,0.43710332130686586
2023-24,nir_m12_max,Ma: bands,0.32562809257219016
2023-24,nir_m01_min,Ma: bands,0.32202161966469567
2023-24,nir_m01_max,Ma: bands,0.4241604778365491
2023-24,nir_m02_min,Ma: bands,0.2114249548015268
2023-24,nir_m02_max,Ma: bands,-0.11505401952790019
2023-24,nir_m03_min,Ma: bands,-0.11981279325786388
2023-24,nir_m03_max,Ma: bands,-0.09645726566017641
2023-24,nir_m04_min,Ma: bands,-0.09498184333323456
2023-24,nir_m04_max,Ma: bands,0.061880073841213225
2023-24,nir_m05_min,Ma: bands,0.2548698864846599
2023-24,nir_m05_max,Ma: bands,0.1271205858874906
2023-24,swir1_m10_min,Ma: bands,-1.531531782019163
2023-24,swir1_m10_max,Ma: bands,-0.9695957479899054
2023-24,swir1_m11_min,Ma: bands,-0.43696074340536845
2023-24,swir1_m11_max,Ma: bands,-0.5007054500636922
2023-24,swir1_m12_min,Ma: bands,0.09255467377222433
2023-24,swir1_m12_max,Ma: bands,-0.02130995569691164
2023-24,swir1_m01_min,Ma: bands,-0.17199112915857426
2023-24,swir1_m01_max,Ma: bands,0.09041874178019944
2023-24,swir1_m02_min,Ma: bands,-0.2804969101441632
2023-24,swir1_m02_max,Ma: bands,-0.5356965612171588
2023-24,swir1_m03_min,Ma: bands,-0.4822934854932012
2023-24,swir1_m03_max,Ma: bands,-0.18379083637983076
2023-24,swir1_m04_min,Ma: bands,-0.04388430712114869
2023-24,swir1_m04_max,Ma: bands,0.09610848046656319
2023-24,swir1_m05_min,Ma: bands,0.21383118011080215
2023-24,swir1_m05_max,Ma: bands,0.22712829299951923
2023-24,swir2_m10_min,Ma: bands,-1.6198327938568
2023-24,swir2_m10_max,Ma: bands,-0.9431081754253842
2023-24,swir2_m11_min,Ma: bands,-0.5312610598401812
2023-24,swir2_m11_max,Ma: bands,-0.5638321146969714
2023-24,swir2_m12_min,Ma: bands,0.03218861154063751
2023-24,swir2_m12_max,Ma: bands,-0.10945388963376694
2023-24,swir2_m01_min,Ma: bands,-0.22547814684211437
2023-24,swir2_m01_max,Ma: bands,0.028853101837688223
2023-24,swir2_m02_min,Ma: bands,-0.2927985983199233
2023-24,swir2_m02_max,Ma: bands,-0.43509446683590347
2023-24,swir2_m03_min,Ma: bands,-0.35219870785806917
2023-24,swir2_m03_max,Ma: bands,-0.07468550026615142
2023-24,swir2_m04_min,Ma: bands,0.11475487460042937
2023-24,swir2_m04_max,Ma: bands,0.12171393640359676
2023-24,swir2_m05_min,Ma: bands,0.20960528671837328
2023-24,swir2_m05_max,Ma: bands,0.279780255150315
2023-24,ndvi_m10_min,Ma: NDVI/GCVI,0.6694944831382459
2023-24,ndvi_m10_max,Ma: NDVI/GCVI,0.8557019756157106
2023-24,ndvi_m11_min,Ma: NDVI/GCVI,0.25728823508687815
2023-24,ndvi_m11_max,Ma: NDVI/GCVI,0.31608622013941884
2023-24,ndvi_m12_min,Ma: NDVI/GCVI,0.05845645489408079
2023-24,ndvi_m12_max,Ma: NDVI/GCVI,0.09169990278396184
2023-24,ndvi_m01_min,Ma: NDVI/GCVI,0.07559657277759002
2023-24,ndvi_m01_max,Ma: NDVI/GCVI,0.09374676421239653
2023-24,ndvi_m02_min,Ma: NDVI/GCVI,0.11568238070646229
2023-24,ndvi_m02_max,Ma: NDVI/GCVI,0.05881851223813852
2023-24,ndvi_m03_min,Ma: NDVI/GCVI,0.05367373677766046
2023-24,ndvi_m03_max,Ma: NDVI/GCVI,-0.11193863235293552
2023-24,ndvi_m04_min,Ma: NDVI/GCVI,-0.11779983990099215
2023-24,ndvi_m04_max,Ma: NDVI/GCVI,-0.19283451710383276
2023-24,ndvi_m05_min,Ma: NDVI/GCVI,-0.25511083311524424
2023-24,ndvi_m05_max,Ma: NDVI/GCVI,-0.017545226341590676
2023-24,gcvi_m10_min,Ma: NDVI/GCVI,0.4486551700966986
2023-24,gcvi_m10_max,Ma: NDVI/GCVI,0.5442246813818519
2023-24,gcvi_m11_min,Ma: NDVI/GCVI,0.21685281193635705
2023-24,gcvi_m11_max,Ma: NDVI/GCVI,0.1754200574009399
2023-24,gcvi_m12_min,Ma: NDVI/GCVI,0.08602296232245182
2023-24,gcvi_m12_max,Ma: NDVI/GCVI,0.0063504668053791695
2023-24,gcvi_m01_min,Ma: NDVI/GCVI,-0.027216030753417393
2023-24,gcvi_m01_max,Ma: NDVI/GCVI,0.02112870368108896
2023-24,gcvi_m02_min,Ma: NDVI/GCVI,0.032033256011336164
2023-24,gcvi_m02_max,Ma: NDVI/GCVI,0.003853223696606804
2023-24,gcvi_m03_min,Ma: NDVI/GCVI,0.0014147142386186043
2023-24,gcvi_m03_max,Ma: NDVI/GCVI,-0.061415770432215806
2023-24,gcvi_m04_min,Ma: NDVI/GCVI,-0.06311006103319809
2023-24,gcvi_m04_max,Ma: NDVI/GCVI,-0.08929038277613023
2023-24,gcvi_m05_min,Ma: NDVI/GCVI,-0.15484129758564225
2023-24,gcvi_m05_max,Ma: NDVI/GCVI,-0.007871853350521277
2023-24,ndti_m10_min,NDTI/STI,0.3704598301492969
2023-24,ndti_m10_max,NDTI/STI,0.6030520961219955
2023-24,ndti_m11_min,NDTI/STI,0.29387072685221277
2023-24,ndti_m11_max,NDTI/STI,0.23724051810154548
2023-24,ndti_m12_min,NDTI/STI,0.23430490109609717
2023-24,ndti_m12_max,NDTI/STI,0.13628702788788305
2023-24,ndti_m01_min,NDTI/STI,0.20932296604915818
2023-24,ndti_m01_max,NDTI/STI,0.21402224833461417
2023-24,ndti_m02_min,NDTI/STI,0.24748351428345156
2023-24,ndti_m02_max,NDTI/STI,0.11934458664792061
2023-24,ndti_m03_min,NDTI/STI,0.11148535893705042
2023-24,ndti_m03_max,NDTI/STI,-0.07289413449144476
2023-24,ndti_m04_min,NDTI/STI,-0.07749254175639238
2023-24,ndti_m04_max,NDTI/STI,-0.17206821806722708
2023-24,ndti_m05_min,NDTI/STI,-0.24874418173471474
2023-24,ndti_m05_max,NDTI/STI,-0.09157103429745847
2023-24,sti_m10_min,NDTI/STI,0.2967309542919991
2023-24,sti_m10_max,NDTI/STI,0.46531761357627216
2023-24,sti_m11_min,NDTI/STI,0.23779615903175583
2023-24,sti_m11_max,NDTI/STI,0.15598892267668726
2023-24,sti_m12_min,NDTI/STI,0.2021947370629787
2023-24,sti_m12_max,NDTI/STI,0.11408425232288034
2023-24,sti_m01_min,NDTI/STI,0.21894823231261754
2023-24,sti_m01_max,NDTI/STI,0.21145520655525382
2023-24,sti_m02_min,NDTI/STI,0.2609381977030747
2023-24,sti_m02_max,NDTI/STI,0.1089205530982483
2023-24,sti_m03_min,NDTI/STI,0.10148003388117947
2023-24,sti_m03_max,NDTI/STI,-0.055138616384568295
2023-24,sti_m04_min,NDTI/STI,-0.05870361332976287
2023-24,sti_m04_max,NDTI/STI,-0.12895123760691493
2023-24,sti_m05_min,NDTI/STI,-0.20430736387295523
2023-24,sti_m05_max,NDTI/STI,-0.06604215699750782
2023-24,raw_ndvi_m10_max,LST / fall / raw,0.590423467896425
2023-24,raw_ndvi_m11_max,LST / fall / raw,0.20181677182010221
2023-24,raw_ndvi_m12_max,LST / fall / raw,0.1558842111300939
2023-24,raw_ndvi_m01_max,LST / fall / raw,
2023-24,raw_ndvi_m02_max,LST / fall / raw,0.09684527572398294
2023-24,raw_ndvi_m03_max,LST / fall / raw,-0.028001966309506493
2023-24,raw_ndvi_m04_max,LST / fall / raw,-0.21944456796906855
2023-24,raw_ndvi_m05_max,LST / fall / raw,-0.22649818593409476
2023-24,raw_gcvi_m10_max,LST / fall / raw,0.41343496309741157
2023-24,raw_gcvi_m11_max,LST / fall / raw,0.1199340435247829
2023-24,raw_gcvi_m12_max,LST / fall / raw,0.06606407659784015
2023-24,raw_gcvi_m01_max,LST / fall / raw,
2023-24,raw_gcvi_m02_max,LST / fall / raw,0.010409674378711938
2023-24,raw_gcvi_m03_max,LST / fall / raw,-0.028236232163730328
2023-24,raw_gcvi_m04_max,LST / fall / raw,-0.0848715206688974
2023-24,raw_gcvi_m05_max,LST / fall / raw,-0.07880679236221286
2023-24,raw_ndti_m10_max,LST / fall / raw,0.19532400708590325
2023-24,raw_ndti_m11_max,LST / fall / raw,0.30342019301989126
2023-24,raw_ndti_m12_max,LST / fall / raw,0.2207071042579024
2023-24,raw_ndti_m01_max,LST / fall / raw,
2023-24,raw_ndti_m02_max,LST / fall / raw,0.3263910031800277
2023-24,raw_ndti_m03_max,LST / fall / raw,-0.05774373829791056
2023-24,raw_ndti_m04_max,LST / fall / raw,-0.10234781621326045
2023-24,raw_ndti_m05_max,LST / fall / raw,-0.15903683508809974
2023-24,lstrel_m10,LST / fall / raw,-0.692089791880577
2023-24,lstrel_m11,LST / fall / raw,-0.464335039794234
2023-24,lstrel_m12,LST / fall / raw,0.5199551038220656
2023-24,lstrel_m01,LST / fall / raw,
2023-24,lstrel_m02,LST / fall / raw,0.6227513214279222
2023-24,lstrel_m03,LST / fall / raw,-0.17959674528335118
2023-24,lstrel_m04,LST / fall / raw,-0.2293102807787079
2023-24,lstrel_m05,LST / fall / raw,-0.21548740488657034
2023-24,fall_ndvi,LST / fall / raw,0.3315508236659325
2023-24,fall_ndti,LST / fall / raw,0.31036722675844786
2023-24,fall_sti,LST / fall / raw,0.23056236858100213
2023-24,fall_lstrel,LST / fall / raw,-0.5558986521417846
2023-24,spr_ndvi_max,LST / fall / raw,-0.22719156932911772
2023-24,s1_vv_m10,Sentinel-1,0.6752374145604753
2023-24,s1_vh_m10,Sentinel-1,0.48129154530231977
2023-24,s1_cr_m10,Sentinel-1,-0.04580156755129756
2023-24,s1_vv_m11,Sentinel-1,0.2413634925428588
2023-24,s1_vh_m11,Sentinel-1,0.5440987361677413
2023-24,s1_cr_m11,Sentinel-1,0.46992640587042117
2023-24,s1_vv_m12,Sentinel-1,0.40984611763937256
2023-24,s1_vh_m12,Sentinel-1,0.07486385065088853
2023-24,s1_cr_m12,Sentinel-1,-0.38907556101864005
2023-24,s1_vv_m01,Sentinel-1,0.6352634034716327
2023-24,s1_vh_m01,Sentinel-1,0.67302752318489
2023-24,s1_cr_m01,Sentinel-1,-0.2664819181312244
2023-24,s1_vv_m02,Sentinel-1,0.3043959785934907
2023-24,s1_vh_m02,Sentinel-1,0.33369663817085005
2023-24,s1_cr_m02,Sentinel-1,0.05007939996038407
2023-24,s1_vv_m03,Sentinel-1,-0.011491631483830487
2023-24,s1_vh_m03,Sentinel-1,0.43254471600990113
2023-24,s1_cr_m03,Sentinel-1,0.3022045917416443
2023-24,s1_vv_m04,Sentinel-1,0.046956814839951164
2023-24,s1_vh_m04,Sentinel-1,-0.6379616161572812
2023-24,s1_cr_m04,Sentinel-1,-0.7722941460925848
2023-24,s1_vv_m05,Sentinel-1,0.3994553641539567
2023-24,s1_vh_m05,Sentinel-1,-0.4812325216965332
2023-24,s1_cr_m05,Sentinel-1,-0.9986506180575523
2023-24,tmean_m10,Ma: weather,0.0
2023-24,prcp_m10,Ma: weather,0.0
2023-24,tmean_m11,Ma: weather,0.0
2023-24,prcp_m11,Ma: weather,0.0
2023-24,tmean_m12,Ma: weather,0.0
2023-24,prcp_m12,Ma: weather,0.0
2023-24,tmean_m01,Ma: weather,0.0
2023-24,prcp_m01,Ma: weather,0.0
2023-24,tmean_m02,Ma: weather,0.0
2023-24,prcp_m02,Ma: weather,0.0
2023-24,tmean_m03,Ma: weather,0.0
2023-24,prcp_m03,Ma: weather,0.0
2023-24,tmean_m04,Ma: weather,0.0
2023-24,prcp_m04,Ma: weather,0.0
2023-24,tmean_m05,Ma: weather,0.0
2023-24,prcp_m05,Ma: weather,0.0
