season,phase,start,end,days,note
2021-22,baseline,2021-09-21,2021-11-07,48,post-harvest 2021-09-29 → seeding; extended back to 2021-09-21 (4 paired NDVI dates)
2021-22,fall,2021-11-08,2021-12-15,38,
2021-22,winter,2021-12-16,2022-02-28,75,
2021-22,early_spring,2022-03-01,2022-04-15,46,
2021-22,late_spring,2022-04-16,2022-05-16,31,
2021-22,post_termination,2022-05-17,2022-06-25,40,
2022-23,baseline,2022-05-16,2022-06-26,42,
2022-23,under_canopy,2022-06-27,2022-10-14,110,
2022-23,postharvest_fall,2022-10-29,2022-12-15,48,
2022-23,winter,2022-12-16,2023-02-28,75,
2022-23,early_spring,2023-03-01,2023-04-15,46,
2022-23,late_spring,2023-04-16,2023-05-18,33,
2022-23,post_termination,2023-05-19,2023-06-27,40,
2023-24,baseline,2023-10-24,2023-11-12,20,post-harvest 2023-10-24 → seeding
2023-24,fall,2023-11-13,2023-12-15,33,
2023-24,winter,2023-12-16,2024-02-29,76,
2023-24,early_spring,2024-03-01,2024-04-15,46,
2023-24,late_spring,2024-04-16,2024-05-15,30,
2023-24,post_termination,2024-05-16,2024-06-24,40,
