id,date,band,slope,intercept,r,n_px,hls_date
PSScene-20210929_154209_74_222b,2021-09-29,blue,0.84060905788611,0.0016894766952466674,0.8692624947649984,8637,2021-09-28
PSScene-20210929_154209_74_222b,2021-09-29,green,0.9642161638857568,-0.0013637962140325486,0.9102615947021887,8637,2021-09-28
PSScene-20210929_154209_74_222b,2021-09-29,red,0.9613086713310539,-0.0015851538453608646,0.931472158937905,8637,2021-09-28
PSScene-20210929_154209_74_222b,2021-09-29,nir,1.0461176214535661,-0.009667282320743526,0.9600146373327487,8637,2021-09-28
PSScene-20210930_154235_11_2223,2021-09-30,red,0.8750576021491012,-0.009218659546626281,0.8442589770908228,8642,2021-09-29
PSScene-20210930_154235_11_2223,2021-09-30,nir,1.0801367532563726,-0.04287556921663635,0.9478516748146592,8642,2021-09-29
PSScene-20210930_154237_32_2223,2021-09-30,red,0.8507057751367266,-0.007333688148770233,0.822336950602899,8642,2021-09-29
PSScene-20210930_154237_32_2223,2021-09-30,nir,1.0682541282119902,-0.039586890136311934,0.9392462439204479,8642,2021-09-29
PSScene-20220313_162208_05_241c,2022-03-13,blue,0.9670582732641343,-0.012341205661928476,0.9078591134592132,8639,2022-03-13
PSScene-20220313_162208_05_241c,2022-03-13,green,1.0028351394217438,-0.014048307230903886,0.942521233208309,8639,2022-03-13
PSScene-20220313_162208_05_241c,2022-03-13,red,0.996051314843497,-0.017011594222620267,0.9621786732735556,8639,2022-03-13
PSScene-20220313_162208_05_241c,2022-03-13,nir,1.0032046721471501,-0.02620498637039196,0.9693904472329042,8639,2022-03-13
PSScene-20220313_162210_35_241c,2022-03-13,blue,0.9697746695820807,-0.012627077192322991,0.910772279131704,8639,2022-03-13
PSScene-20220313_162210_35_241c,2022-03-13,green,1.0072382873372225,-0.014377825601671218,0.9445506156785386,8639,2022-03-13
PSScene-20220313_162210_35_241c,2022-03-13,red,1.0019241333463698,-0.01784556328453247,0.9642989838420355,8639,2022-03-13
PSScene-20220313_162210_35_241c,2022-03-13,nir,1.0045640087426415,-0.02639419484399687,0.970708016169301,8639,2022-03-13
PSScene-20220416_153419_59_2442,2022-04-16,blue,1.0340812494973803,0.007194740172751001,0.9233662933172045,8645,2022-04-16
PSScene-20220416_153419_59_2442,2022-04-16,green,1.0838926892436267,-0.00224451646698525,0.9501738254283386,8645,2022-04-16
PSScene-20220416_153419_59_2442,2022-04-16,red,1.0470345649684865,-0.0025846280670571153,0.9696733100107899,8645,2022-04-16
PSScene-20220416_153419_59_2442,2022-04-16,nir,1.036487180577443,-0.010148884981840028,0.9573345450521499,8645,2022-04-16
PSScene-20220416_153421_88_2442,2022-04-16,blue,1.0279757667900955,0.008170527151063745,0.9260616736852773,4576,2022-04-16
PSScene-20220416_153421_88_2442,2022-04-16,green,1.074651425939175,-0.0011139912259999706,0.9506923448646492,4576,2022-04-16
PSScene-20220416_153421_88_2442,2022-04-16,red,1.0360654531521571,-0.001639896029935522,0.9722078521431052,4576,2022-04-16
PSScene-20220416_153421_88_2442,2022-04-16,nir,1.0257161688466219,-0.007410495968630283,0.9520132643194514,4576,2022-04-16
PSScene-20220417_153417_64_2449,2022-04-17,blue,0.9417163716695234,0.0031487784442959296,0.9212308072229293,8645,2022-04-16
PSScene-20220417_153417_64_2449,2022-04-17,green,0.9839630946920435,0.0019107327095716495,0.9476917916879523,8645,2022-04-16
PSScene-20220417_153417_64_2449,2022-04-17,red,1.0012179425151835,-0.0006260338013667817,0.9637048904127243,8645,2022-04-16
PSScene-20220417_153417_64_2449,2022-04-17,nir,1.0144471855549195,-0.008581189415227645,0.9472315952994804,8645,2022-04-16
PSScene-20220417_153419_94_2449,2022-04-17,blue,0.9335859956445308,0.0039527721480760785,0.9098506363387442,8645,2022-04-16
PSScene-20220417_153419_94_2449,2022-04-17,green,0.984764862046679,0.003268688276038976,0.9383837948256515,8645,2022-04-16
PSScene-20220417_153419_94_2449,2022-04-17,red,0.9986374827853708,0.0002889089669086312,0.956799264322323,8645,2022-04-16
PSScene-20220417_153419_94_2449,2022-04-17,nir,1.0061974055774925,-0.006328209328829911,0.940229707678134,8645,2022-04-16
PSScene-20220507_160344_04_248b,2022-05-07,blue,0.7978248286064079,-0.007828389203682751,0.8919039259547886,4674,2022-05-07
PSScene-20220507_160344_04_248b,2022-05-07,green,0.8509025686259404,-0.0059641939406422624,0.9148054094248605,4674,2022-05-07
PSScene-20220507_160344_04_248b,2022-05-07,red,0.9205298212528114,-0.009201762951400166,0.950107188935679,4674,2022-05-07
PSScene-20220507_160344_04_248b,2022-05-07,nir,0.8938647527968183,-0.004328690592486887,0.9520897262588166,4674,2022-05-07
PSScene-20220507_160346_34_248b,2022-05-07,blue,0.8136953627323709,-0.008468026869628978,0.8997690841349756,8372,2022-05-07
PSScene-20220507_160346_34_248b,2022-05-07,green,0.8671029995532173,-0.007253058069402763,0.9226497382656959,8372,2022-05-07
PSScene-20220507_160346_34_248b,2022-05-07,red,0.9329959875511659,-0.010101486314783803,0.9592798908283651,8372,2022-05-07
PSScene-20220507_160346_34_248b,2022-05-07,nir,0.900831584962594,-0.006709398893087877,0.9587570821082292,8372,2022-05-07
PSScene-20220603_160712_62_2446,2022-06-03,blue,1.0132289641680983,0.0017737552018204747,0.965163086592659,2441,2022-06-03
PSScene-20220603_160712_62_2446,2022-06-03,green,1.0143917728027088,-0.0046644421670572695,0.9684482407632525,2441,2022-06-03
PSScene-20220603_160712_62_2446,2022-06-03,red,0.99915682333869,-0.0040390181478237586,0.9779838036000725,2441,2022-06-03
PSScene-20220603_160712_62_2446,2022-06-03,nir,0.9702443008298872,-0.01164549378461385,0.9372073910962164,2441,2022-06-03
PSScene-20220603_160714_90_2446,2022-06-03,blue,1.0031289152242027,0.0027296718439323146,0.9514916013071487,2776,2022-06-03
PSScene-20220603_160714_90_2446,2022-06-03,green,1.0049118383688633,-0.0033239062427081914,0.9551620604255688,2776,2022-06-03
PSScene-20220603_160714_90_2446,2022-06-03,red,0.988153873561317,-0.002104956885974042,0.965400628790526,2776,2022-06-03
PSScene-20220603_160714_90_2446,2022-06-03,nir,0.9710009411312971,-0.011608837773998296,0.9442831427256044,2776,2022-06-03
PSScene-20220618_153316_79_2457,2022-06-18,blue,0.9399886816062178,0.010779121310709981,0.9307851645442176,8645,2022-06-19
PSScene-20220618_153316_79_2457,2022-06-18,green,1.0126912945668949,0.00743008732315124,0.9466099504105503,8645,2022-06-19
PSScene-20220618_153316_79_2457,2022-06-18,red,0.9813385585609732,0.007054360978929868,0.9579225770109084,8645,2022-06-19
PSScene-20220618_153316_79_2457,2022-06-18,nir,0.9028268997642228,0.018633608242019907,0.9308343976083495,8645,2022-06-19
PSScene-20220619_155236_54_2251,2022-06-19,blue,1.0211182015171842,0.0005722285365747105,0.9391001172827953,8645,2022-06-19
PSScene-20220619_155236_54_2251,2022-06-19,green,1.0609090789628388,-0.003014177497223598,0.9524532282106927,8645,2022-06-19
PSScene-20220619_155236_54_2251,2022-06-19,red,1.0504042028737821,-0.0027899127349282787,0.9628976075278818,8645,2022-06-19
PSScene-20220619_155236_54_2251,2022-06-19,nir,1.0095986428435038,0.000647150945622182,0.9423345134685236,8645,2022-06-19
PSScene-20220621_160338_10_2484,2022-06-21,blue,0.9933849817374151,-0.00925237162873145,0.9590449831731467,8643,2022-06-21
PSScene-20220621_160338_10_2484,2022-06-21,green,0.9687054756221899,-0.007894194847717235,0.9685930884194093,8643,2022-06-21
PSScene-20220621_160338_10_2484,2022-06-21,red,0.9810593896079381,-0.008819861292332233,0.9773034252896683,8643,2022-06-21
PSScene-20220621_160338_10_2484,2022-06-21,nir,0.9198584887744603,0.005837035042176932,0.965331963720617,8643,2022-06-21
PSScene-20220622_162129_47_2403,2022-06-22,green,1.118920659619163,-0.005042179416610953,0.8113626788614202,8643,2022-06-21
PSScene-20220622_162129_47_2403,2022-06-22,red,1.3763945195021459,-0.033332591652660525,0.8949173235264536,8643,2022-06-21
PSScene-20220622_162131_76_2403,2022-06-22,blue,1.144986999850451,-0.006262763361918697,0.8936162749143811,4277,2022-06-21
PSScene-20220622_162131_76_2403,2022-06-22,green,1.208552409326415,-0.009570676192372299,0.905267181076321,4277,2022-06-21
PSScene-20220622_162131_76_2403,2022-06-22,red,1.3080564251596476,-0.021509923463883387,0.9395839754762912,4277,2022-06-21
PSScene-20220622_162131_76_2403,2022-06-22,nir,0.7531619645291844,0.10944516654196962,0.8544758686843652,4277,2022-06-21
PSScene-20220628_153159_88_241f,2022-06-28,blue,0.9874004450300036,0.0016320382534434125,0.9224145013030445,6549,2022-06-27
PSScene-20220628_153159_88_241f,2022-06-28,green,1.0967265053334059,-0.0023435930531995014,0.9496333770926497,6549,2022-06-27
PSScene-20220628_153159_88_241f,2022-06-28,red,1.0667600389038676,-0.002059934303525771,0.9594597116821444,6549,2022-06-27
PSScene-20220628_153159_88_241f,2022-06-28,nir,1.0936860651131814,-0.004672615163478274,0.924813150891665,6549,2022-06-27
PSScene-20220628_153202_17_241f,2022-06-28,blue,0.9924509823884665,0.0012630306213474263,0.9267998557035759,6549,2022-06-27
PSScene-20220628_153202_17_241f,2022-06-28,green,1.101595056913462,-0.0028765974677701423,0.9535339344258453,6549,2022-06-27
PSScene-20220628_153202_17_241f,2022-06-28,red,1.0716674824475139,-0.002727294209083826,0.9631036066972697,6549,2022-06-27
PSScene-20220628_153202_17_241f,2022-06-28,nir,1.0942290111328494,-0.004934590600300548,0.926177316695487,6549,2022-06-27
PSScene-20220830_153150_37_241e,2022-08-30,blue,0.7213844079226921,0.00843962306151105,0.8086553224459071,1910,2022-08-31
PSScene-20220830_153150_37_241e,2022-08-30,green,0.966445393667322,0.001981825351424191,0.9065332556316728,1910,2022-08-31
PSScene-20220830_153150_37_241e,2022-08-30,red,1.0255428208771071,-0.0020421910297455273,0.8959519454269572,1910,2022-08-31
PSScene-20220830_153150_37_241e,2022-08-30,nir,0.8584267777880208,0.05625082958893949,0.9069353109482408,1910,2022-08-31
PSScene-20220830_153152_66_241e,2022-08-30,blue,0.7252971589544798,0.008121063497976031,0.8577860848176732,1579,2022-08-31
PSScene-20220830_153152_66_241e,2022-08-30,green,0.9287779353123038,0.0031237526285899514,0.8949833509481433,1579,2022-08-31
PSScene-20220830_153152_66_241e,2022-08-30,red,0.9966719214862448,-0.0017704213617521353,0.9101040805223012,1579,2022-08-31
PSScene-20220830_153152_66_241e,2022-08-30,nir,0.8703040427353212,0.05255359720345528,0.9311109896913156,1579,2022-08-31
PSScene-20220923_160839_01_2498,2022-09-23,blue,0.8919685844294022,0.0019156477173312878,0.8774028681917322,8619,2022-09-23
PSScene-20220923_160839_01_2498,2022-09-23,green,1.0019630088179958,-0.002940985498901895,0.9456744882407894,8619,2022-09-23
PSScene-20220923_160839_01_2498,2022-09-23,red,1.0331692015919829,-0.001094037393992215,0.9272747600008099,8619,2022-09-23
PSScene-20220923_160839_01_2498,2022-09-23,nir,1.0342215990513175,-0.01847150949383503,0.9634988628329697,8619,2022-09-23
PSScene-20221009_160034_09_2231,2022-10-09,blue,0.8930182853646116,-0.01031249701434105,0.8700657565137211,8645,2022-10-09
PSScene-20221009_160034_09_2231,2022-10-09,green,1.0121892386047433,-0.012175829430117496,0.9200172969034747,8645,2022-10-09
PSScene-20221009_160034_09_2231,2022-10-09,red,1.034687394995151,-0.010799404412281817,0.9632873857130868,8645,2022-10-09
PSScene-20221009_160034_09_2231,2022-10-09,nir,1.05273499641628,-0.027973278626561272,0.9549440750131848,8645,2022-10-09
PSScene-20221009_160824_76_248c,2022-10-09,blue,0.9555330126481353,-0.007466755640740939,0.9054851474190382,8645,2022-10-09
PSScene-20221009_160824_76_248c,2022-10-09,green,1.0179987484156134,-0.008410195904694547,0.9367737210373839,8645,2022-10-09
PSScene-20221009_160824_76_248c,2022-10-09,red,1.028705455844642,-0.00843000203766379,0.9606423629726067,8645,2022-10-09
PSScene-20221009_160824_76_248c,2022-10-09,nir,1.025323651604384,-0.012004127092882464,0.9418802809398004,8645,2022-10-09
PSScene-20221009_160827_11_248c,2022-10-09,blue,0.9317054672505085,-0.006165583416733354,0.8983896580513926,5420,2022-10-09
PSScene-20221009_160827_11_248c,2022-10-09,green,0.9975643934752084,-0.006951092760259246,0.9295042765588378,5420,2022-10-09
PSScene-20221009_160827_11_248c,2022-10-09,red,1.0182255510611526,-0.007602234658683047,0.9595926664955277,5420,2022-10-09
PSScene-20221009_160827_11_248c,2022-10-09,nir,1.0005496745397582,-0.006111921773151735,0.9346336044457524,5420,2022-10-09
PSScene-20221010_161809_14_240c,2022-10-10,blue,0.8910284549164369,0.006526128006840702,0.9214505286178646,8645,2022-10-09
PSScene-20221010_161809_14_240c,2022-10-10,green,0.9339278787821049,0.003368013738065481,0.9422511287304521,8645,2022-10-09
PSScene-20221010_161809_14_240c,2022-10-10,red,0.9421949848939613,0.0001632079673320141,0.9622638675640007,8645,2022-10-09
PSScene-20221010_161809_14_240c,2022-10-10,nir,0.9436251521719698,-0.0011026504702212727,0.9428158977122417,8645,2022-10-09
PSScene-20230410_153032_39_2447,2023-04-10,green,1.2833829778133135,-0.07406592637005015,0.8778832543690033,8637,2023-04-11
PSScene-20230410_153032_39_2447,2023-04-10,red,1.352427142881832,-0.08656129828077337,0.9363047257859541,8637,2023-04-11
PSScene-20230410_153032_39_2447,2023-04-10,nir,1.2187968760877108,-0.10182324946921169,0.9373328406708223,8637,2023-04-11
PSScene-20230412_160624_81_2461,2023-04-12,blue,0.9268108195941333,0.001862601229200733,0.9177022650268074,8645,2023-04-11
PSScene-20230412_160624_81_2461,2023-04-12,green,0.9999700350224682,0.004030278324307401,0.943978762628409,8645,2023-04-11
PSScene-20230412_160624_81_2461,2023-04-12,red,0.9582644458065785,0.0031597702191637025,0.9616181825162757,8645,2023-04-11
PSScene-20230412_160624_81_2461,2023-04-12,nir,1.0440503277739106,-0.01034118682543265,0.9607447213224201,8645,2023-04-12
PSScene-20230413_153722_55_242e,2023-04-13,blue,0.8742123092715997,0.002668788629246824,0.9008894324571259,8645,2023-04-12
PSScene-20230413_153722_55_242e,2023-04-13,green,0.8612032151394564,0.002744279603520701,0.9258284418965115,8645,2023-04-12
PSScene-20230413_153722_55_242e,2023-04-13,red,0.8927547916971541,0.005899279993639878,0.9494707869441718,8645,2023-04-12
PSScene-20230413_153722_55_242e,2023-04-13,nir,0.8640896912546695,0.010302772151097829,0.9569706772959226,8645,2023-04-12
PSScene-20231119_162108_51_2488,2023-11-19,blue,1.0038055589721706,0.0014077660906284765,0.9034599443816645,2348,2023-11-18
PSScene-20231119_162108_51_2488,2023-11-19,green,1.013818383424718,-0.0013491920825678438,0.932706393333152,2348,2023-11-18
PSScene-20231119_162108_51_2488,2023-11-19,red,1.0659117695999976,-0.004674682244889541,0.9621141327636185,2348,2023-11-18
PSScene-20231119_162108_51_2488,2023-11-19,nir,1.0312591121901438,0.004854295658039525,0.9193482398420895,2348,2023-11-18
PSScene-20240330_154329_81_24c0,2024-03-30,blue,1.0030274355197641,0.0032003413862698267,0.8220922566460481,8578,2024-03-29
PSScene-20240330_154329_81_24c0,2024-03-30,green,1.0140041605910628,0.004541168499717656,0.8406556548986773,8578,2024-03-29
PSScene-20240330_154329_81_24c0,2024-03-30,red,1.0028559348390929,0.004701738096755415,0.9050526173705649,8578,2024-03-29
PSScene-20240330_154329_81_24c0,2024-03-30,nir,0.8961814994540133,0.023110115869468276,0.9332247637120835,8578,2024-03-29
PSScene-20240413_154540_09_24c5,2024-04-13,blue,1.034856332154501,0.010239581588831224,0.9189452225729733,8642,2024-04-13
PSScene-20240413_154540_09_24c5,2024-04-13,green,1.1498789484963234,0.006840356749283157,0.9405472895746,8642,2024-04-13
PSScene-20240413_154540_09_24c5,2024-04-13,red,1.1012641506107266,0.0009284276822026746,0.9616606954533063,8642,2024-04-13
PSScene-20240413_154540_09_24c5,2024-04-13,nir,1.0799001545582094,0.0009164015611892774,0.9590614887236396,8642,2024-04-13
PSScene-20240415_154227_78_24b6,2024-04-15,blue,0.9198361186824078,-0.0007012384332389754,0.8921389920308841,8645,2024-04-14
PSScene-20240415_154227_78_24b6,2024-04-15,green,0.9699998389351225,-0.0011656801544437352,0.924839226914406,8645,2024-04-14
PSScene-20240415_154227_78_24b6,2024-04-15,red,0.9929250142755343,-0.008300898575768717,0.9501052259748802,8645,2024-04-14
PSScene-20240415_154227_78_24b6,2024-04-15,nir,0.9176962248490157,0.02597328213961453,0.9595053321308135,7740,2024-04-16
PSScene-20240416_162800_82_2424,2024-04-16,blue,0.9854543732531404,-0.026054739366108755,0.9173587777954045,1635,2024-04-16
PSScene-20240416_162800_82_2424,2024-04-16,green,0.9828444895026702,-0.018868730442035127,0.9235590329014802,1635,2024-04-16
PSScene-20240416_162800_82_2424,2024-04-16,red,1.015756846914007,-0.022398412534931182,0.9383243084407278,1635,2024-04-16
PSScene-20240416_162800_82_2424,2024-04-16,nir,1.0005922059501275,-0.01740806217941807,0.9645276270690376,1635,2024-04-16
PSScene-20240416_162802_75_2424,2024-04-16,blue,0.9920144637765003,-0.02635516384526886,0.9037226090884863,7740,2024-04-16
PSScene-20240416_162802_75_2424,2024-04-16,green,0.9847631981637293,-0.019381089212044313,0.9256652440973028,7740,2024-04-16
PSScene-20240416_162802_75_2424,2024-04-16,red,1.0299106496613046,-0.02485098249611948,0.9499878724816521,7740,2024-04-16
PSScene-20240416_162802_75_2424,2024-04-16,nir,1.0296520249843308,-0.02942728466662228,0.9636344635126877,7740,2024-04-16
PSScene-20240421_163621_09_24aa,2024-04-21,green,0.7387635936731137,0.012594070564870056,0.8133426789945963,3634,2024-04-21
PSScene-20240421_163621_09_24aa,2024-04-21,red,0.8412443438095057,-0.002230104895910473,0.8825294104004946,3634,2024-04-21
PSScene-20240421_163621_09_24aa,2024-04-21,nir,0.7808904998052069,0.051316143271628985,0.8019834343961972,3634,2024-04-21
PSScene-20240615_163631_00_24e6,2024-06-15,blue,0.9916289333853858,-0.002481865485974365,0.9217051891778171,3254,2024-06-16
PSScene-20240615_163631_00_24e6,2024-06-15,green,1.067051094091233,-0.011928773831066069,0.9474726659350174,3254,2024-06-16
PSScene-20240615_163631_00_24e6,2024-06-15,red,1.0522883100113358,-0.009389389852232819,0.9578093340188295,3254,2024-06-16
PSScene-20240615_163631_00_24e6,2024-06-15,nir,0.8778114783349685,0.030015715724368248,0.9291312190540022,3273,2024-06-15
PSScene-20240615_164349_73_2475,2024-06-15,blue,1.0321399326947254,-0.0010679165816709125,0.9329829336195499,6258,2024-06-16
PSScene-20240615_164349_73_2475,2024-06-15,green,1.1018066368653714,-0.010828948776822462,0.9388353038156976,6258,2024-06-16
PSScene-20240615_164349_73_2475,2024-06-15,red,1.0695683872998618,-0.009495889200824701,0.955229227854114,6258,2024-06-16
PSScene-20240615_164349_73_2475,2024-06-15,nir,0.8647633124714417,0.05158233020930382,0.8754818221853232,5689,2024-06-15
PSScene-20240621_164228_21_2483,2024-06-21,blue,0.866749090718919,-0.005542198668857635,0.871136093478756,3976,2024-06-20
PSScene-20240621_164228_21_2483,2024-06-21,green,0.8849621485890947,0.005904010152885657,0.9018121224214621,3976,2024-06-20
PSScene-20240621_164228_21_2483,2024-06-21,red,0.8726345284503869,0.006676854411729987,0.9246475018972102,3976,2024-06-20
PSScene-20240621_164228_21_2483,2024-06-21,nir,0.7132356811064655,0.13850571140093076,0.8494189683792299,3976,2024-06-20
