id,datetime,instrument,item_type,clear_percent,sr8,udm2,date,season,window
PSScene-20210919_153611_96_2451,2021-09-19T15:36:11.961088Z,PSB.SD,PSScene,100,True,True,2021-09-19,2021-22,other
PSScene-20210919_153614_26_2451,2021-09-19T15:36:14.263127Z,PSB.SD,PSScene,100,True,True,2021-09-19,2021-22,other
PSScene-20210926_162931_34_2426,2021-09-26T16:29:31.340019Z,PSB.SD,PSScene,100,True,True,2021-09-26,2021-22,other
PSScene-20210927_160806_1008,2021-09-27T16:08:06.342446Z,PS2,PSScene,100,False,True,2021-09-27,2021-22,other
PSScene-20210929_154209_74_222b,2021-09-29T15:42:09.740492Z,PSB.SD,PSScene,100,True,True,2021-09-29,2021-22,other
PSScene-20210929_160334_1005,2021-09-29T16:03:34.579933Z,PS2,PSScene,100,False,True,2021-09-29,2021-22,other
PSScene-20210930_154235_11_2223,2021-09-30T15:42:35.11537Z,PSB.SD,PSScene,100,True,True,2021-09-30,2021-22,other
PSScene-20210930_154237_32_2223,2021-09-30T15:42:37.326282Z,PSB.SD,PSScene,100,True,True,2021-09-30,2021-22,other
PSScene-20211018_160243_1012,2021-10-18T16:02:43.929141Z,PS2,PSScene,100,False,True,2021-10-18,2021-22,fall
PSScene-20211018_160244_1012,2021-10-18T16:02:44.945736Z,PS2,PSScene,100,False,True,2021-10-18,2021-22,fall
PSScene-20220313_162208_05_241c,2022-03-13T16:22:08.050434Z,PSB.SD,PSScene,91,True,True,2022-03-13,2021-22,spring
PSScene-20220313_162210_35_241c,2022-03-13T16:22:10.354034Z,PSB.SD,PSScene,100,True,True,2022-03-13,2021-22,spring
PSScene-20220416_153419_59_2442,2022-04-16T15:34:19.5913Z,PSB.SD,PSScene,100,True,True,2022-04-16,2021-22,spring
PSScene-20220416_153421_88_2442,2022-04-16T15:34:21.889699Z,PSB.SD,PSScene,100,True,True,2022-04-16,2021-22,spring
PSScene-20220417_153417_64_2449,2022-04-17T15:34:17.647686Z,PSB.SD,PSScene,98,True,True,2022-04-17,2021-22,spring
PSScene-20220417_153419_94_2449,2022-04-17T15:34:19.945566Z,PSB.SD,PSScene,100,True,True,2022-04-17,2021-22,spring
PSScene-20220507_160344_04_248b,2022-05-07T16:03:44.044415Z,PSB.SD,PSScene,100,True,True,2022-05-07,2021-22,spring
PSScene-20220507_160346_34_248b,2022-05-07T16:03:46.341699Z,PSB.SD,PSScene,100,True,True,2022-05-07,2021-22,spring
PSScene-20220514_162118_03_227a,2022-05-14T16:21:18.039797Z,PSB.SD,PSScene,48,True,True,2022-05-14,2021-22,spring
PSScene-20220530_160530_29_2490,2022-05-30T16:05:30.297343Z,PSB.SD,PSScene,100,True,True,2022-05-30,2021-22,spring
PSScene-20220530_160532_58_2490,2022-05-30T16:05:32.582623Z,PSB.SD,PSScene,99,True,True,2022-05-30,2021-22,spring
PSScene-20220531_153349_53_2434,2022-05-31T15:33:49.533327Z,PSB.SD,PSScene,80,True,True,2022-05-31,2021-22,spring
PSScene-20220603_160712_62_2446,2022-06-03T16:07:12.62124Z,PSB.SD,PSScene,100,True,True,2022-06-03,2021-22,other
PSScene-20220603_160714_90_2446,2022-06-03T16:07:14.90508Z,PSB.SD,PSScene,100,True,True,2022-06-03,2021-22,other
PSScene-20220618_153316_79_2457,2022-06-18T15:33:16.790465Z,PSB.SD,PSScene,100,True,True,2022-06-18,2021-22,other
PSScene-20220619_155236_54_2251,2022-06-19T15:52:36.544491Z,PSB.SD,PSScene,100,True,True,2022-06-19,2021-22,other
PSScene-20220621_160338_10_2484,2022-06-21T16:03:38.103121Z,PSB.SD,PSScene,100,True,True,2022-06-21,2021-22,other
PSScene-20220622_162129_47_2403,2022-06-22T16:21:29.474625Z,PSB.SD,PSScene,97,True,True,2022-06-22,2021-22,other
PSScene-20220622_162131_76_2403,2022-06-22T16:21:31.762625Z,PSB.SD,PSScene,94,True,True,2022-06-22,2021-22,other
PSScene-20220623_162316_64_2402,2022-06-23T16:23:16.647744Z,PSB.SD,PSScene,100,True,True,2022-06-23,2021-22,other
PSScene-20220624_153114_46_2428,2022-06-24T15:31:14.460974Z,PSB.SD,PSScene,100,True,True,2022-06-24,2021-22,other
PSScene-20220628_153159_88_241f,2022-06-28T15:31:59.883211Z,PSB.SD,PSScene,100,True,True,2022-06-28,2021-22,other
PSScene-20220628_153202_17_241f,2022-06-28T15:32:02.177451Z,PSB.SD,PSScene,100,True,True,2022-06-28,2021-22,other
PSScene-20220702_162206_68_2403,2022-07-02T16:22:06.681786Z,PSB.SD,PSScene,91,True,True,2022-07-02,2021-22,other
PSScene-20220702_162208_96_2403,2022-07-02T16:22:08.969786Z,PSB.SD,PSScene,93,True,True,2022-07-02,2021-22,other
PSScene-20220709_153453_16_2427,2022-07-09T15:34:53.167599Z,PSB.SD,PSScene,100,True,True,2022-07-09,2021-22,other
PSScene-20220709_153455_46_2427,2022-07-09T15:34:55.460799Z,PSB.SD,PSScene,100,True,True,2022-07-09,2021-22,other
PSScene-20220817_153828_10_2235,2022-08-17T15:38:28.109588Z,PSB.SD,PSScene,76,True,True,2022-08-17,2021-22,other
PSScene-20220818_153047_91_245c,2022-08-18T15:30:47.912079Z,PSB.SD,PSScene,80,True,True,2022-08-18,2021-22,other
PSScene-20220818_153050_20_245c,2022-08-18T15:30:50.207359Z,PSB.SD,PSScene,60,True,True,2022-08-18,2021-22,other
PSScene-20220828_160023_13_222f,2022-08-28T16:00:23.13426Z,PSB.SD,PSScene,100,True,True,2022-08-28,2021-22,other
PSScene-20220828_160025_34_222f,2022-08-28T16:00:25.345172Z,PSB.SD,PSScene,92,True,True,2022-08-28,2021-22,other
PSScene-20220830_153150_37_241e,2022-08-30T15:31:50.372959Z,PSB.SD,PSScene,97,True,True,2022-08-30,2021-22,other
PSScene-20220830_153152_66_241e,2022-08-30T15:31:52.666159Z,PSB.SD,PSScene,80,True,True,2022-08-30,2021-22,other
PSScene-20220923_160839_01_2498,2022-09-23T16:08:39.011088Z,PSB.SD,PSScene,100,True,True,2022-09-23,2022-23,other
PSScene-20221009_160034_09_2231,2022-10-09T16:00:34.090162Z,PSB.SD,PSScene,100,True,True,2022-10-09,2022-23,fall
PSScene-20221009_160824_76_248c,2022-10-09T16:08:24.760254Z,PSB.SD,PSScene,100,True,True,2022-10-09,2022-23,fall
PSScene-20221009_160827_11_248c,2022-10-09T16:08:27.116345Z,PSB.SD,PSScene,100,True,True,2022-10-09,2022-23,fall
PSScene-20221010_161809_14_240c,2022-10-10T16:18:09.147578Z,PSB.SD,PSScene,100,True,True,2022-10-10,2022-23,fall
PSScene-20230410_153032_39_2447,2023-04-10T15:30:32.391601Z,PSB.SD,PSScene,100,True,True,2023-04-10,2022-23,spring
PSScene-20230412_160624_81_2461,2023-04-12T16:06:24.814967Z,PSB.SD,PSScene,100,True,True,2023-04-12,2022-23,spring
PSScene-20230413_153722_55_242e,2023-04-13T15:37:22.551719Z,PSB.SD,PSScene,100,True,True,2023-04-13,2022-23,spring
PSScene-20230603_153112_73_2447,2023-06-03T15:31:12.730039Z,PSB.SD,PSScene,85,True,True,2023-06-03,2022-23,other
PSScene-20230604_154021_84_24a1,2023-06-04T15:40:21.84225Z,PSB.SD,PSScene,100,True,True,2023-06-04,2022-23,other
PSScene-20230604_154024_17_24a1,2023-06-04T15:40:24.173123Z,PSB.SD,PSScene,100,True,True,2023-06-04,2022-23,other
PSScene-20230617_161114_17_249e,2023-06-17T16:11:14.174587Z,PSB.SD,PSScene,65,True,True,2023-06-17,2022-23,other
PSScene-20230617_161116_32_249e,2023-06-17T16:11:16.328355Z,PSB.SD,PSScene,67,True,True,2023-06-17,2022-23,other
PSScene-20230714_153238_38_2447,2023-07-14T15:32:38.387994Z,PSB.SD,PSScene,97,True,True,2023-07-14,2022-23,other
PSScene-20230719_153400_31_2459,2023-07-19T15:34:00.313869Z,PSB.SD,PSScene,100,True,True,2023-07-19,2022-23,other
PSScene-20230719_153402_46_2459,2023-07-19T15:34:02.46919Z,PSB.SD,PSScene,100,True,True,2023-07-19,2022-23,other
PSScene-20230727_153508_08_2465,2023-07-27T15:35:08.08224Z,PSB.SD,PSScene,96,True,True,2023-07-27,2022-23,other
PSScene-20230730_153649_46_24b9,2023-07-30T15:36:49.460342Z,PSB.SD,PSScene,89,True,True,2023-07-30,2022-23,other
PSScene-20230826_163958_97_2413,2023-08-26T16:39:58.979606Z,PSB.SD,PSScene,25,True,True,2023-08-26,2022-23,other
PSScene-20230828_161719_68_2438,2023-08-28T16:17:19.683455Z,PSB.SD,PSScene,100,True,True,2023-08-28,2022-23,other
PSScene-20230828_161721_82_2438,2023-08-28T16:17:21.821589Z,PSB.SD,PSScene,100,True,True,2023-08-28,2022-23,other
PSScene-20230913_153435_51_2451,2023-09-13T15:34:35.5182Z,PSB.SD,PSScene,100,True,True,2023-09-13,2023-24,other
PSScene-20230914_161802_36_2438,2023-09-14T16:18:02.364677Z,PSB.SD,PSScene,77,True,True,2023-09-14,2023-24,other
PSScene-20230914_161804_47_2438,2023-09-14T16:18:04.477708Z,PSB.SD,PSScene,67,True,True,2023-09-14,2023-24,other
PSScene-20230915_153645_95_24bb,2023-09-15T15:36:45.956433Z,PSB.SD,PSScene,100,True,True,2023-09-15,2023-24,other
PSScene-20230915_153648_26_24bb,2023-09-15T15:36:48.266802Z,PSB.SD,PSScene,100,True,True,2023-09-15,2023-24,other
PSScene-20231119_162108_51_2488,2023-11-19T16:21:08.51715Z,PSB.SD,PSScene,100,True,True,2023-11-19,2023-24,fall
PSScene-20240315_163855_04_24d2,2024-03-15T16:38:55.049183Z,PSB.SD,PSScene,100,True,True,2024-03-15,2023-24,spring
PSScene-20240315_163857_29_24d2,2024-03-15T16:38:57.292871Z,PSB.SD,PSScene,99,True,True,2024-03-15,2023-24,spring
PSScene-20240330_154329_81_24c0,2024-03-30T15:43:29.815609Z,PSB.SD,PSScene,99,True,True,2024-03-30,2023-24,spring
PSScene-20240413_154540_09_24c5,2024-04-13T15:45:40.097391Z,PSB.SD,PSScene,100,True,True,2024-04-13,2023-24,spring
PSScene-20240415_154227_78_24b6,2024-04-15T15:42:27.786449Z,PSB.SD,PSScene,100,True,True,2024-04-15,2023-24,spring
PSScene-20240416_162800_82_2424,2024-04-16T16:28:00.824222Z,PSB.SD,PSScene,99,True,True,2024-04-16,2023-24,spring
PSScene-20240416_162802_75_2424,2024-04-16T16:28:02.751174Z,PSB.SD,PSScene,100,True,True,2024-04-16,2023-24,spring
PSScene-20240418_163938_51_24e8,2024-04-18T16:39:38.519294Z,PSB.SD,PSScene,3,True,True,2024-04-18,2023-24,spring
PSScene-20240418_163940_78_24e8,2024-04-18T16:39:40.781404Z,PSB.SD,PSScene,52,True,True,2024-04-18,2023-24,spring
PSScene-20240419_163811_99_24bd,2024-04-19T16:38:11.996054Z,PSB.SD,PSScene,99,True,True,2024-04-19,2023-24,spring
PSScene-20240419_163814_28_24bd,2024-04-19T16:38:14.285224Z,PSB.SD,PSScene,86,True,True,2024-04-19,2023-24,spring
PSScene-20240421_163621_09_24aa,2024-04-21T16:36:21.096172Z,PSB.SD,PSScene,69,True,True,2024-04-21,2023-24,spring
PSScene-20240606_163812_21_24a4,2024-06-06T16:38:12.210618Z,PSB.SD,PSScene,100,True,True,2024-06-06,2023-24,other
PSScene-20240613_164327_17_2446,2024-06-13T16:43:27.170227Z,PSB.SD,PSScene,94,True,True,2024-06-13,2023-24,other
PSScene-20240615_163631_00_24e6,2024-06-15T16:36:31.000611Z,PSB.SD,PSScene,100,True,True,2024-06-15,2023-24,other
PSScene-20240615_164349_73_2475,2024-06-15T16:43:49.738636Z,PSB.SD,PSScene,100,True,True,2024-06-15,2023-24,other
PSScene-20240621_164228_21_2483,2024-06-21T16:42:28.215598Z,PSB.SD,PSScene,75,True,True,2024-06-21,2023-24,other
PSScene-20240707_155351_96_2415,2024-07-07T15:53:51.965123Z,PSB.SD,PSScene,55,True,True,2024-07-07,2023-24,other
PSScene-20240707_155353_96_2415,2024-07-07T15:53:53.962562Z,PSB.SD,PSScene,63,True,True,2024-07-07,2023-24,other
PSScene-20240715_163608_03_24e1,2024-07-15T16:36:08.032457Z,PSB.SD,PSScene,100,True,True,2024-07-15,2023-24,other
PSScene-20240715_163610_24_24e1,2024-07-15T16:36:10.246425Z,PSB.SD,PSScene,84,True,True,2024-07-15,2023-24,other
PSScene-20240715_163701_00_24d2,2024-07-15T16:37:01.008512Z,PSB.SD,PSScene,100,True,True,2024-07-15,2023-24,other
