id,platform,datetime,orbit_state,relative_orbit
S1A_IW_GRDH_1SDV_20240728T234051_20240728T234116_054968_06B22F_rtc,SENTINEL-1A,2024-07-28 23:41:03.623390+00:00,ascending,121
S1A_IW_GRDH_1SDV_20240716T234051_20240716T234116_054793_06AC13_rtc,SENTINEL-1A,2024-07-16 23:41:03.915484+00:00,ascending,121
S1A_IW_GRDH_1SDV_20240704T234051_20240704T234116_054618_06A607_rtc,SENTINEL-1A,2024-07-04 23:41:04.440660+00:00,ascending,121
S1A_IW_GRDH_1SDV_20240629T233232_20240629T233259_054545_06A36D_rtc,SENTINEL-1A,2024-06-29 23:32:45.826631+00:00,ascending,48
S1A_IW_GRDH_1SDV_20240622T234052_20240622T234117_054443_069FED_rtc,SENTINEL-1A,2024-06-22 23:41:05.137882+00:00,ascending,121
S1A_IW_GRDH_1SDV_20240610T234053_20240610T234118_054268_0699DF_rtc,SENTINEL-1A,2024-06-10 23:41:05.505618+00:00,ascending,121
S1A_IW_GRDH_1SDV_20240529T234053_20240529T234118_054093_0693D4_rtc,SENTINEL-1A,2024-05-29 23:41:06.113329+00:00,ascending,121
S1A_IW_GRDH_1SDV_20240517T234054_20240517T234119_053918_068DBF_rtc,SENTINEL-1A,2024-05-17 23:41:06.523801+00:00,ascending,121
S1A_IW_GRDH_1SDV_20240512T233233_20240512T233301_053845_068B41_rtc,SENTINEL-1A,2024-05-12 23:32:47.495229+00:00,ascending,48
S1A_IW_GRDH_1SDV_20240505T234054_20240505T234119_053743_0687A0_rtc,SENTINEL-1A,2024-05-05 23:41:06.557595+00:00,ascending,121
S1A_IW_GRDH_1SDV_20240423T234053_20240423T234118_053568_0680B6_rtc,SENTINEL-1A,2024-04-23 23:41:05.702921+00:00,ascending,121
S1A_IW_GRDH_1SDV_20240418T233233_20240418T233301_053495_067DD3_rtc,SENTINEL-1A,2024-04-18 23:32:47.395684+00:00,ascending,48
S1A_IW_GRDH_1SDV_20240411T234052_20240411T234117_053393_0679D7_rtc,SENTINEL-1A,2024-04-11 23:41:04.573829+00:00,ascending,121
S1A_IW_GRDH_1SDV_20240330T234053_20240330T234118_053218_0672F7_rtc,SENTINEL-1A,2024-03-30 23:41:05.707102+00:00,ascending,121
S1A_IW_GRDH_1SDV_20240325T233232_20240325T233259_053145_067031_rtc,SENTINEL-1A,2024-03-25 23:32:46.270491+00:00,ascending,48
S1A_IW_GRDH_1SDV_20240318T234052_20240318T234117_053043_066C50_rtc,SENTINEL-1A,2024-03-18 23:41:05.232199+00:00,ascending,121
S1A_IW_GRDH_1SDV_20240313T233232_20240313T233259_052970_066980_rtc,SENTINEL-1A,2024-03-13 23:32:46.232636+00:00,ascending,48
S1A_IW_GRDH_1SDV_20240306T234052_20240306T234117_052868_066614_rtc,SENTINEL-1A,2024-03-06 23:41:04.832642+00:00,ascending,121
S1A_IW_GRDH_1SDV_20240301T233232_20240301T233259_052795_06638D_rtc,SENTINEL-1A,2024-03-01 23:32:46.197201+00:00,ascending,48
S1A_IW_GRDH_1SDV_20240223T234052_20240223T234117_052693_06601D_rtc,SENTINEL-1A,2024-02-23 23:41:04.746819+00:00,ascending,121
S1A_IW_GRDH_1SDV_20240218T233232_20240218T233259_052620_065D92_rtc,SENTINEL-1A,2024-02-18 23:32:46.123253+00:00,ascending,48
S1A_IW_GRDH_1SDV_20240125T233232_20240125T233300_052270_0651B7_rtc,SENTINEL-1A,2024-01-25 23:32:46.642618+00:00,ascending,48
S1A_IW_GRDH_1SDV_20240118T234053_20240118T234117_052168_064E59_rtc,SENTINEL-1A,2024-01-18 23:41:05.500077+00:00,ascending,121
S1A_IW_GRDH_1SDV_20240106T234053_20240106T234118_051993_06486C_rtc,SENTINEL-1A,2024-01-06 23:41:06.215072+00:00,ascending,121
S1A_IW_GRDH_1SDV_20240101T233233_20240101T233300_051920_0645E1_rtc,SENTINEL-1A,2024-01-01 23:32:47.232832+00:00,ascending,48
S1A_IW_GRDH_1SDV_20231225T234054_20231225T234119_051818_06426D_rtc,SENTINEL-1A,2023-12-25 23:41:06.590311+00:00,ascending,121
S1A_IW_GRDH_1SDV_20231220T233233_20231220T233301_051745_063FE6_rtc,SENTINEL-1A,2023-12-20 23:32:47.695544+00:00,ascending,48
S1A_IW_GRDH_1SDV_20231213T234055_20231213T234120_051643_063C65_rtc,SENTINEL-1A,2023-12-13 23:41:07.514461+00:00,ascending,121
S1A_IW_GRDH_1SDV_20231208T233235_20231208T233302_051570_0639CB_rtc,SENTINEL-1A,2023-12-08 23:32:49.019779+00:00,ascending,48
S1A_IW_GRDH_1SDV_20231201T234055_20231201T234120_051468_06363E_rtc,SENTINEL-1A,2023-12-01 23:41:07.929139+00:00,ascending,121
S1A_IW_GRDH_1SDV_20231126T233235_20231126T233302_051395_0633BD_rtc,SENTINEL-1A,2023-11-26 23:32:49.165510+00:00,ascending,48
S1A_IW_GRDH_1SDV_20231119T234056_20231119T234121_051293_063045_rtc,SENTINEL-1A,2023-11-19 23:41:08.530924+00:00,ascending,121
S1A_IW_GRDH_1SDV_20231114T233236_20231114T233303_051220_062DB8_rtc,SENTINEL-1A,2023-11-14 23:32:49.893913+00:00,ascending,48
S1A_IW_GRDH_1SDV_20231107T234055_20231107T234120_051118_062A36_rtc,SENTINEL-1A,2023-11-07 23:41:08.382399+00:00,ascending,121
S1A_IW_GRDH_1SDV_20231102T233236_20231102T233303_051045_0627AA_rtc,SENTINEL-1A,2023-11-02 23:32:49.850682+00:00,ascending,48
S1A_IW_GRDH_1SDV_20231026T234056_20231026T234121_050943_062430_rtc,SENTINEL-1A,2023-10-26 23:41:09.026932+00:00,ascending,121
S1A_IW_GRDH_1SDV_20231021T233236_20231021T233304_050870_0621A9_rtc,SENTINEL-1A,2023-10-21 23:32:50.534278+00:00,ascending,48
S1A_IW_GRDH_1SDV_20231014T234056_20231014T234121_050768_061E40_rtc,SENTINEL-1A,2023-10-14 23:41:09.103901+00:00,ascending,121
S1A_IW_GRDH_1SDV_20231009T233236_20231009T233303_050695_061BB6_rtc,SENTINEL-1A,2023-10-09 23:32:50.160098+00:00,ascending,48
S1A_IW_GRDH_1SDV_20231002T234056_20231002T234121_050593_06183F_rtc,SENTINEL-1A,2023-10-02 23:41:09.124770+00:00,ascending,121
S1A_IW_GRDH_1SDV_20230927T233236_20230927T233303_050520_0615B4_rtc,SENTINEL-1A,2023-09-27 23:32:50.165688+00:00,ascending,48
S1A_IW_GRDH_1SDV_20230920T234056_20230920T234121_050418_06123B_rtc,SENTINEL-1A,2023-09-20 23:41:08.689459+00:00,ascending,121
S1A_IW_GRDH_1SDV_20230915T233236_20230915T233303_050345_060FB6_rtc,SENTINEL-1A,2023-09-15 23:32:50.038285+00:00,ascending,48
S1A_IW_GRDH_1SDV_20230908T234056_20230908T234121_050243_060C46_rtc,SENTINEL-1A,2023-09-08 23:41:08.569151+00:00,ascending,121
S1A_IW_GRDH_1SDV_20230903T233235_20230903T233303_050170_0609CA_rtc,SENTINEL-1A,2023-09-03 23:32:49.645926+00:00,ascending,48
S1A_IW_GRDH_1SDV_20230827T234055_20230827T234120_050068_060652_rtc,SENTINEL-1A,2023-08-27 23:41:08.022083+00:00,ascending,121
S1A_IW_GRDH_1SDV_20230822T233235_20230822T233302_049995_0603CA_rtc,SENTINEL-1A,2023-08-22 23:32:48.730270+00:00,ascending,48
S1A_IW_GRDH_1SDV_20230815T234054_20230815T234119_049893_060054_rtc,SENTINEL-1A,2023-08-15 23:41:07.170024+00:00,ascending,121
S1A_IW_GRDH_1SDV_20230810T233233_20230810T233301_049820_05FDCE_rtc,SENTINEL-1A,2023-08-10 23:32:47.540342+00:00,ascending,48
S1A_IW_GRDH_1SDV_20230803T234054_20230803T234119_049718_05FA7F_rtc,SENTINEL-1A,2023-08-03 23:41:07.161979+00:00,ascending,121
S1A_IW_GRDH_1SDV_20230729T233233_20230729T233301_049645_05F841_rtc,SENTINEL-1A,2023-07-29 23:32:47.557581+00:00,ascending,48
S1A_IW_GRDH_1SDV_20230722T234053_20230722T234118_049543_05F516_rtc,SENTINEL-1A,2023-07-22 23:41:06.005056+00:00,ascending,121
S1A_IW_GRDH_1SDV_20230710T234052_20230710T234117_049368_05EFC3_rtc,SENTINEL-1A,2023-07-10 23:41:05.320370+00:00,ascending,121
S1A_IW_GRDH_1SDV_20230628T234051_20230628T234116_049193_05EA58_rtc,SENTINEL-1A,2023-06-28 23:41:03.821446+00:00,ascending,121
S1A_IW_GRDH_1SDV_20230616T234051_20230616T234116_049018_05E507_rtc,SENTINEL-1A,2023-06-16 23:41:03.784872+00:00,ascending,121
S1A_IW_GRDH_1SDV_20230611T233230_20230611T233258_048945_05E2BB_rtc,SENTINEL-1A,2023-06-11 23:32:44.655163+00:00,ascending,48
S1A_IW_GRDH_1SDV_20230604T234050_20230604T234115_048843_05DFB1_rtc,SENTINEL-1A,2023-06-04 23:41:02.940288+00:00,ascending,121
S1A_IW_GRDH_1SDV_20230523T234049_20230523T234114_048668_05DA7E_rtc,SENTINEL-1A,2023-05-23 23:41:02.346375+00:00,ascending,121
S1A_IW_GRDH_1SDV_20230511T234049_20230511T234114_048493_05D54E_rtc,SENTINEL-1A,2023-05-11 23:41:01.774466+00:00,ascending,121
S1A_IW_GRDH_1SDV_20230506T233229_20230506T233256_048420_05D2FD_rtc,SENTINEL-1A,2023-05-06 23:32:42.926390+00:00,ascending,48
S1A_IW_GRDH_1SDV_20230429T234048_20230429T234113_048318_05CFA2_rtc,SENTINEL-1A,2023-04-29 23:41:01.334308+00:00,ascending,121
S1A_IW_GRDH_1SDV_20230424T233228_20230424T233255_048245_05CD1E_rtc,SENTINEL-1A,2023-04-24 23:32:42.230130+00:00,ascending,48
S1A_IW_GRDH_1SDV_20230417T234048_20230417T234113_048143_05C9C2_rtc,SENTINEL-1A,2023-04-17 23:41:00.535585+00:00,ascending,121
S1A_IW_GRDH_1SDV_20230412T233228_20230412T233255_048070_05C746_rtc,SENTINEL-1A,2023-04-12 23:32:41.875478+00:00,ascending,48
S1A_IW_GRDH_1SDV_20230405T234047_20230405T234112_047968_05C3D9_rtc,SENTINEL-1A,2023-04-05 23:41:00.020738+00:00,ascending,121
S1A_IW_GRDH_1SDV_20230331T233227_20230331T233255_047895_05C150_rtc,SENTINEL-1A,2023-03-31 23:32:41.503873+00:00,ascending,48
S1A_IW_GRDH_1SDV_20230324T234047_20230324T234112_047793_05BDF1_rtc,SENTINEL-1A,2023-03-24 23:41:00.069802+00:00,ascending,121
S1A_IW_GRDH_1SDV_20230319T233227_20230319T233254_047720_05BB74_rtc,SENTINEL-1A,2023-03-19 23:32:41.068725+00:00,ascending,48
S1A_IW_GRDH_1SDV_20230312T234047_20230312T234112_047618_05B80C_rtc,SENTINEL-1A,2023-03-12 23:40:59.765500+00:00,ascending,121
S1A_IW_GRDH_1SDV_20230307T233227_20230307T233254_047545_05B58A_rtc,SENTINEL-1A,2023-03-07 23:32:40.875303+00:00,ascending,48
S1A_IW_GRDH_1SDV_20230228T234047_20230228T234112_047443_05B21F_rtc,SENTINEL-1A,2023-02-28 23:40:59.971942+00:00,ascending,121
S1A_IW_GRDH_1SDV_20230223T233227_20230223T233254_047370_05AF9C_rtc,SENTINEL-1A,2023-02-23 23:32:40.732397+00:00,ascending,48
S1A_IW_GRDH_1SDV_20230216T234047_20230216T234112_047268_05AC2D_rtc,SENTINEL-1A,2023-02-16 23:40:59.665273+00:00,ascending,121
S1A_IW_GRDH_1SDV_20230211T233227_20230211T233254_047195_05A9AA_rtc,SENTINEL-1A,2023-02-11 23:32:41.243684+00:00,ascending,48
S1A_IW_GRDH_1SDV_20230204T234047_20230204T234112_047093_05A649_rtc,SENTINEL-1A,2023-02-04 23:41:00.232996+00:00,ascending,121
S1A_IW_GRDH_1SDV_20230130T233228_20230130T233255_047020_05A3D6_rtc,SENTINEL-1A,2023-01-30 23:32:41.821274+00:00,ascending,48
S1A_IW_GRDH_1SDV_20230123T234048_20230123T234113_046918_05A074_rtc,SENTINEL-1A,2023-01-23 23:41:00.745146+00:00,ascending,121
S1A_IW_GRDH_1SDV_20230111T234047_20230111T234112_046743_059A8C_rtc,SENTINEL-1A,2023-01-11 23:41:00.498740+00:00,ascending,121
S1A_IW_GRDH_1SDV_20230106T233228_20230106T233256_046670_059803_rtc,SENTINEL-1A,2023-01-06 23:32:42.478886+00:00,ascending,48
S1A_IW_GRDH_1SDV_20221230T234049_20221230T234114_046568_0594A2_rtc,SENTINEL-1A,2022-12-30 23:41:01.704254+00:00,ascending,121
S1A_IW_GRDH_1SDV_20221225T233229_20221225T233256_046495_059223_rtc,SENTINEL-1A,2022-12-25 23:32:42.869140+00:00,ascending,48
S1A_IW_GRDH_1SDV_20221218T234049_20221218T234114_046393_058EBC_rtc,SENTINEL-1A,2022-12-18 23:41:02.220246+00:00,ascending,121
S1A_IW_GRDH_1SDV_20221213T233229_20221213T233257_046320_058C2E_rtc,SENTINEL-1A,2022-12-13 23:32:43.672005+00:00,ascending,48
S1A_IW_GRDH_1SDV_20221206T234050_20221206T234115_046218_0588C1_rtc,SENTINEL-1A,2022-12-06 23:41:03.069664+00:00,ascending,121
S1A_IW_GRDH_1SDV_20221201T233230_20221201T233257_046145_05862D_rtc,SENTINEL-1A,2022-12-01 23:32:44.258418+00:00,ascending,48
S1A_IW_GRDH_1SDV_20221124T234051_20221124T234116_046043_0582C5_rtc,SENTINEL-1A,2022-11-24 23:41:03.815313+00:00,ascending,121
S1A_IW_GRDH_1SDV_20221119T233231_20221119T233258_045970_05803A_rtc,SENTINEL-1A,2022-11-19 23:32:45.014190+00:00,ascending,48
S1A_IW_GRDH_1SDV_20221112T234051_20221112T234116_045868_057CDE_rtc,SENTINEL-1A,2022-11-12 23:41:03.595751+00:00,ascending,121
S1A_IW_GRDH_1SDV_20221107T233231_20221107T233258_045795_057A58_rtc,SENTINEL-1A,2022-11-07 23:32:44.953701+00:00,ascending,48
S1A_IW_GRDH_1SDV_20221031T234051_20221031T234116_045693_0576F8_rtc,SENTINEL-1A,2022-10-31 23:41:03.893112+00:00,ascending,121
S1A_IW_GRDH_1SDV_20221026T233231_20221026T233259_045620_05746B_rtc,SENTINEL-1A,2022-10-26 23:32:45.492370+00:00,ascending,48
S1A_IW_GRDH_1SDV_20221019T234051_20221019T234116_045518_057127_rtc,SENTINEL-1A,2022-10-19 23:41:03.866382+00:00,ascending,121
S1A_IW_GRDH_1SDV_20221007T234051_20221007T234116_045343_056BDB_rtc,SENTINEL-1A,2022-10-07 23:41:04.031345+00:00,ascending,121
S1A_IW_GRDH_1SDV_20221002T233231_20221002T233259_045270_05695C_rtc,SENTINEL-1A,2022-10-02 23:32:45.332745+00:00,ascending,48
S1A_IW_GRDH_1SDV_20220925T234051_20220925T234116_045168_056602_rtc,SENTINEL-1A,2022-09-25 23:41:03.655820+00:00,ascending,121
S1A_IW_GRDH_1SDV_20220920T233230_20220920T233258_045095_056380_rtc,SENTINEL-1A,2022-09-20 23:32:44.304782+00:00,ascending,48
S1A_IW_GRDH_1SDV_20220913T234051_20220913T234116_044993_056019_rtc,SENTINEL-1A,2022-09-13 23:41:03.825317+00:00,ascending,121
S1A_IW_GRDH_1SDV_20220901T234050_20220901T234115_044818_055A3A_rtc,SENTINEL-1A,2022-09-01 23:41:03.429608+00:00,ascending,121
S1A_IW_GRDH_1SDV_20220827T233230_20220827T233257_044745_0557B6_rtc,SENTINEL-1A,2022-08-27 23:32:44.158863+00:00,ascending,48
S1A_IW_GRDH_1SDV_20220820T234050_20220820T234115_044643_055453_rtc,SENTINEL-1A,2022-08-20 23:41:02.716955+00:00,ascending,121
S1A_IW_GRDH_1SDV_20220815T233230_20220815T233257_044570_0551CB_rtc,SENTINEL-1A,2022-08-15 23:32:43.759442+00:00,ascending,48
S1A_IW_GRDH_1SDV_20220808T234049_20220808T234114_044468_054E70_rtc,SENTINEL-1A,2022-08-08 23:41:02.090999+00:00,ascending,121
S1A_IW_GRDH_1SDV_20220803T233229_20220803T233256_044395_054C49_rtc,SENTINEL-1A,2022-08-03 23:32:43.029804+00:00,ascending,48
S1A_IW_GRDH_1SDV_20220727T234048_20220727T234113_044293_054954_rtc,SENTINEL-1A,2022-07-27 23:41:01.164080+00:00,ascending,121
S1A_IW_GRDH_1SDV_20220722T233228_20220722T233255_044220_05471D_rtc,SENTINEL-1A,2022-07-22 23:32:42.234648+00:00,ascending,48
S1A_IW_GRDH_1SDV_20220715T234048_20220715T234113_044118_05441D_rtc,SENTINEL-1A,2022-07-15 23:41:00.517392+00:00,ascending,121
S1A_IW_GRDH_1SDV_20220710T233227_20220710T233255_044045_0541E3_rtc,SENTINEL-1A,2022-07-10 23:32:41.458447+00:00,ascending,48
S1A_IW_GRDH_1SDV_20220703T234047_20220703T234112_043943_053EE0_rtc,SENTINEL-1A,2022-07-03 23:40:59.792056+00:00,ascending,121
S1A_IW_GRDH_1SDV_20220628T233227_20220628T233254_043870_053CB5_rtc,SENTINEL-1A,2022-06-28 23:32:40.773165+00:00,ascending,48
S1A_IW_GRDH_1SDV_20220621T234046_20220621T234111_043768_0539B1_rtc,SENTINEL-1A,2022-06-21 23:40:59.124721+00:00,ascending,121
S1A_IW_GRDH_1SDV_20220616T233226_20220616T233253_043695_05376F_rtc,SENTINEL-1A,2022-06-16 23:32:39.864570+00:00,ascending,48
S1A_IW_GRDH_1SDV_20220609T234045_20220609T234110_043593_05346F_rtc,SENTINEL-1A,2022-06-09 23:40:58.439899+00:00,ascending,121
S1A_IW_GRDH_1SDV_20220604T233225_20220604T233253_043520_05323B_rtc,SENTINEL-1A,2022-06-04 23:32:39.425866+00:00,ascending,48
S1A_IW_GRDH_1SDV_20220528T234044_20220528T234109_043418_052F43_rtc,SENTINEL-1A,2022-05-28 23:40:57.401586+00:00,ascending,121
S1A_IW_GRDH_1SDV_20220511T233223_20220511T233251_043170_0527DE_rtc,SENTINEL-1A,2022-05-11 23:32:37.441932+00:00,ascending,48
S1A_IW_GRDH_1SDV_20220504T234042_20220504T234107_043068_05249C_rtc,SENTINEL-1A,2022-05-04 23:40:55.313262+00:00,ascending,121
S1A_IW_GRDH_1SDV_20220429T233223_20220429T233250_042995_05221D_rtc,SENTINEL-1A,2022-04-29 23:32:36.792271+00:00,ascending,48
S1A_IW_GRDH_1SDV_20220422T234042_20220422T234107_042893_051ED5_rtc,SENTINEL-1A,2022-04-22 23:40:55.318242+00:00,ascending,121
S1A_IW_GRDH_1SDV_20220417T233222_20220417T233249_042820_051C62_rtc,SENTINEL-1A,2022-04-17 23:32:36.195160+00:00,ascending,48
S1A_IW_GRDH_1SDV_20220410T234042_20220410T234107_042718_051904_rtc,SENTINEL-1A,2022-04-10 23:40:54.613535+00:00,ascending,121
S1A_IW_GRDH_1SDV_20220405T233222_20220405T233249_042645_051681_rtc,SENTINEL-1A,2022-04-05 23:32:35.768281+00:00,ascending,48
S1A_IW_GRDH_1SDV_20220329T234041_20220329T234106_042543_051320_rtc,SENTINEL-1A,2022-03-29 23:40:54.316602+00:00,ascending,121
S1A_IW_GRDH_1SDV_20220324T233221_20220324T233249_042470_051095_rtc,SENTINEL-1A,2022-03-24 23:32:35.707812+00:00,ascending,48
S1A_IW_GRDH_1SDV_20220317T234041_20220317T234106_042368_050D2C_rtc,SENTINEL-1A,2022-03-17 23:40:53.978815+00:00,ascending,121
S1A_IW_GRDH_1SDV_20220312T233221_20220312T233249_042295_050AA1_rtc,SENTINEL-1A,2022-03-12 23:32:35.310994+00:00,ascending,48
S1A_IW_GRDH_1SDV_20220305T234041_20220305T234106_042193_05073C_rtc,SENTINEL-1A,2022-03-05 23:40:53.917328+00:00,ascending,121
S1A_IW_GRDH_1SDV_20220221T234041_20220221T234106_042018_05014B_rtc,SENTINEL-1A,2022-02-21 23:40:54.163164+00:00,ascending,121
S1A_IW_GRDH_1SDV_20220216T233221_20220216T233248_041945_04FEB1_rtc,SENTINEL-1A,2022-02-16 23:32:35.233247+00:00,ascending,48
S1A_IW_GRDH_1SDV_20220209T234041_20220209T234106_041843_04FB35_rtc,SENTINEL-1A,2022-02-09 23:40:54.232229+00:00,ascending,121
S1A_IW_GRDH_1SDV_20220204T233221_20220204T233246_041770_04F889_rtc,SENTINEL-1A,2022-02-04 23:32:33.935761+00:00,ascending,48
S1A_IW_GRDH_1SDV_20220128T234042_20220128T234107_041668_04F516_rtc,SENTINEL-1A,2022-01-28 23:40:54.538091+00:00,ascending,121
S1A_IW_GRDH_1SDV_20220123T233222_20220123T233246_041595_04F292_rtc,SENTINEL-1A,2022-01-23 23:32:34.509515+00:00,ascending,48
S1A_IW_GRDH_1SDV_20220116T234042_20220116T234107_041493_04EF29_rtc,SENTINEL-1A,2022-01-16 23:40:55.047289+00:00,ascending,121
S1A_IW_GRDH_1SDV_20220104T234042_20220104T234107_041318_04E973_rtc,SENTINEL-1A,2022-01-04 23:40:55.463583+00:00,ascending,121
S1A_IW_GRDH_1SDV_20211230T233223_20211230T233247_041245_04E6D6_rtc,SENTINEL-1A,2021-12-30 23:32:35.512265+00:00,ascending,48
S1A_IW_GRDH_1SDV_20211223T234043_20211223T234108_041143_04E381_rtc,SENTINEL-1A,2021-12-23 23:40:56.011395+00:00,ascending,121
S1A_IW_GRDH_1SDV_20211218T233223_20211218T233248_041070_04E10F_rtc,SENTINEL-1A,2021-12-18 23:32:36.228447+00:00,ascending,48
S1A_IW_GRDH_1SDV_20211211T234044_20211211T234109_040968_04DDB5_rtc,SENTINEL-1A,2021-12-11 23:40:56.726366+00:00,ascending,121
S1A_IW_GRDH_1SDV_20211206T233224_20211206T233249_040895_04DB20_rtc,SENTINEL-1A,2021-12-06 23:32:36.657000+00:00,ascending,48
S1B_IW_GRDH_1SDV_20211130T233159_20211130T233228_029824_038F56_rtc,SENTINEL-1B,2021-11-30 23:32:14.306392+00:00,ascending,48
S1A_IW_GRDH_1SDV_20211124T233224_20211124T233249_040720_04D50D_rtc,SENTINEL-1A,2021-11-24 23:32:37.207480+00:00,ascending,48
S1B_IW_GRDH_1SDV_20211118T233200_20211118T233229_029649_0389D0_rtc,SENTINEL-1B,2021-11-18 23:32:14.904155+00:00,ascending,48
S1A_IW_GRDH_1SDV_20211117T234045_20211117T234110_040618_04D192_rtc,SENTINEL-1A,2021-11-17 23:40:57.766963+00:00,ascending,121
S1A_IW_GRDH_1SDV_20211112T233225_20211112T233250_040545_04CEFE_rtc,SENTINEL-1A,2021-11-12 23:32:37.572468+00:00,ascending,48
S1B_IW_GRDH_1SDV_20211106T233200_20211106T233229_029474_03846E_rtc,SENTINEL-1B,2021-11-06 23:32:15.036881+00:00,ascending,48
S1A_IW_GRDH_1SDV_20211105T234045_20211105T234110_040443_04CB87_rtc,SENTINEL-1A,2021-11-05 23:40:57.859497+00:00,ascending,121
S1B_IW_GRDH_1SDV_20211025T233200_20211025T233229_029299_037F1A_rtc,SENTINEL-1B,2021-10-25 23:32:15.325516+00:00,ascending,48
S1A_IW_GRDH_1SDV_20211024T234045_20211024T234110_040268_04C56F_rtc,SENTINEL-1A,2021-10-24 23:40:58.158517+00:00,ascending,121
S1A_IW_GRDH_1SDV_20211019T233225_20211019T233250_040195_04C2D5_rtc,SENTINEL-1A,2021-10-19 23:32:38.016100+00:00,ascending,48
S1B_IW_GRDH_1SDV_20211013T233200_20211013T233229_029124_0379AA_rtc,SENTINEL-1B,2021-10-13 23:32:15.196693+00:00,ascending,48
S1A_IW_GRDH_1SDV_20211012T234045_20211012T234110_040093_04BF57_rtc,SENTINEL-1A,2021-10-12 23:40:58.062649+00:00,ascending,121
S1A_IW_GRDH_1SDV_20211007T233225_20211007T233250_040020_04BCB7_rtc,SENTINEL-1A,2021-10-07 23:32:37.816221+00:00,ascending,48
S1A_IW_GRDH_1SDV_20210930T234045_20210930T234110_039918_04B943_rtc,SENTINEL-1A,2021-09-30 23:40:57.996764+00:00,ascending,121
S1A_IW_GRDH_1SDV_20210925T233225_20210925T233250_039845_04B6AA_rtc,SENTINEL-1A,2021-09-25 23:32:37.667177+00:00,ascending,48
S1B_IW_GRDH_1SDV_20210919T233200_20210919T233229_028774_036F0E_rtc,SENTINEL-1B,2021-09-19 23:32:14.821395+00:00,ascending,48
S1A_IW_GRDH_1SDV_20210918T234045_20210918T234110_039743_04B33D_rtc,SENTINEL-1A,2021-09-18 23:40:57.655293+00:00,ascending,121
