season,window,variable,cc_mean,ctrl_mean,n_cc,n_ctrl,n_same_day,same_day_diff,same_day_cc_higher,diff_of_means
2021-22,spring,ndvi,0.275721,0.26842436,9,8,8,0.007481535896658897,7/8,0.0072966516
2021-22,spring,gcvi,1.2994797,1.3055217,9,8,8,-0.00880981981754303,3/8,-0.0060420036
2021-22,spring,ndti,0.1461849,0.14168447,9,8,8,0.002621973864734173,2/8,0.004500434
2021-22,spring,sti,1.3475416,1.3321497,9,8,8,0.010744109749794006,2/8,0.015391827
2021-22,spring,lstrel,-0.8011869,-0.66582024,4,4,4,-0.13536664843559265,1/4,-0.13536668
2021-22,spring,s1_vv,-9.534576,-9.675054,12,12,12,0.14047805964946747,9/12,0.14047718
2021-22,spring,s1_vh,-18.108416,-18.192587,12,12,12,0.08417320251464844,6/12,0.084171295
2021-22,spring,s1_cr,-8.573837,-8.517531,12,12,12,-0.05630485340952873,5/12,-0.056305885
2022-23,corn,ndvi,0.753393,0.7830796,22,23,22,-0.023549841716885567,0/22,-0.02968663
2022-23,corn,gcvi,6.4920216,7.5522017,22,23,22,-0.8502528667449951,0/22,-1.0601802
2022-23,corn,ndti,0.34711528,0.37059602,22,23,22,-0.018638376146554947,3/22,-0.023480743
2022-23,corn,sti,2.1293497,2.2529874,22,23,22,-0.09757804870605469,4/22,-0.123637676
2022-23,corn,lstrel,-0.3005021,-0.1321145,15,15,15,-0.16838762164115906,10/15,-0.16838759
2022-23,corn,s1_vv,-9.6025095,-9.395166,17,17,17,-0.20734234154224396,7/17,-0.2073431
2022-23,corn,s1_vh,-15.369367,-15.31593,17,17,17,-0.053436558693647385,9/17,-0.05343628
2022-23,corn,s1_cr,-5.766857,-5.920763,17,17,17,0.15390577912330627,10/17,0.15390587
2022-23,postharvest,ndvi,0.3033366,0.24286816,20,20,20,0.06046844646334648,20/20,0.060468435
2022-23,postharvest,gcvi,1.4712497,1.2556937,20,20,20,0.21555614471435547,19/20,0.21555603
2022-23,postharvest,ndti,0.16642013,0.15574682,20,20,20,0.010673332028090954,14/20,0.010673314
2022-23,postharvest,sti,1.4083234,1.3784635,20,20,20,0.02985972724854946,14/20,0.0298599
2022-23,postharvest,lstrel,-0.08889686,-0.12080049,15,15,15,0.03190365806221962,9/15,0.031903625
2022-23,postharvest,s1_vv,-9.167854,-9.250763,32,32,32,0.08290895819664001,20/32,0.08290863
2022-23,postharvest,s1_vh,-16.134556,-16.624548,32,32,32,0.4899926781654358,30/32,0.48999214
2022-23,postharvest,s1_cr,-6.9667015,-7.373785,32,32,32,0.4070837199687958,25/32,0.4070835
2023-24,spring,ndvi,0.39315927,0.41889036,9,9,9,-0.025731103494763374,0/9,-0.025731087
2023-24,spring,gcvi,1.7586882,1.8864721,9,9,9,-0.12778380513191223,0/9,-0.1277839
2023-24,spring,ndti,0.1812857,0.18993388,9,9,9,-0.008648203685879707,1/9,-0.008648187
2023-24,spring,sti,1.4503967,1.4750884,9,9,9,-0.024691833183169365,1/9,-0.024691701
2023-24,spring,lstrel,-0.77573484,-0.47911716,8,8,8,-0.29661765694618225,2/8,-0.2966177
2023-24,spring,s1_vv,-8.623783,-8.624236,11,11,11,0.0004521716618910432,6/11,0.0004529953
2023-24,spring,s1_vh,-16.670748,-16.492315,11,11,11,-0.1784350723028183,4/11,-0.17843246
2023-24,spring,s1_cr,-8.046966,-7.8680797,11,11,11,-0.178887277841568,4/11,-0.17888594
