season,window,start,end,variable,field_uid,role,cc_present,n_obs,mean,max,min
2021-22,spring,2022-03-01,2022-05-16,ndvi,IN_PENG2025_CCNT,cc_treatment,1,9,0.27572101354599,0.34360069036483765,0.23214957118034363
2021-22,spring,2022-03-01,2022-05-16,ndvi,IN_PENG2025_NT,nt_control,0,8,0.2684243619441986,0.3369356095790863,0.22643229365348816
2021-22,spring,2022-03-01,2022-05-16,gcvi,IN_PENG2025_CCNT,cc_treatment,1,9,1.2994797229766846,1.8856618404388428,1.0071535110473633
2021-22,spring,2022-03-01,2022-05-16,gcvi,IN_PENG2025_NT,nt_control,0,8,1.3055217266082764,1.7869439125061035,1.018326759338379
2021-22,spring,2022-03-01,2022-05-16,ndti,IN_PENG2025_CCNT,cc_treatment,1,9,0.14618490636348724,0.22087012231349945,0.1143149733543396
2021-22,spring,2022-03-01,2022-05-16,ndti,IN_PENG2025_NT,nt_control,0,8,0.14168447256088257,0.1814868301153183,0.12368213385343552
2021-22,spring,2022-03-01,2022-05-16,sti,IN_PENG2025_CCNT,cc_treatment,1,9,1.3475415706634521,1.5682533979415894,1.2585715055465698
2021-22,spring,2022-03-01,2022-05-16,sti,IN_PENG2025_NT,nt_control,0,8,1.3321497440338135,1.4451483488082886,1.2824352979660034
2021-22,spring,2022-03-01,2022-05-16,lstrel,IN_PENG2025_CCNT,cc_treatment,1,4,-0.8011869192123413,0.0037957876920700073,-1.5666695833206177
2021-22,spring,2022-03-01,2022-05-16,lstrel,IN_PENG2025_NT,nt_control,0,4,-0.6658202409744263,0.11632740497589111,-1.0845052003860474
2021-22,spring,2022-03-01,2022-05-16,s1_vv,IN_PENG2025_CCNT,cc_treatment,1,12,-9.534576416015625,-7.409167289733887,-10.582113265991211
2021-22,spring,2022-03-01,2022-05-16,s1_vv,IN_PENG2025_NT,nt_control,0,12,-9.675053596496582,-7.562714576721191,-11.331582069396973
2021-22,spring,2022-03-01,2022-05-16,s1_vh,IN_PENG2025_CCNT,cc_treatment,1,12,-18.108415603637695,-14.480895042419434,-20.144371032714844
2021-22,spring,2022-03-01,2022-05-16,s1_vh,IN_PENG2025_NT,nt_control,0,12,-18.19258689880371,-14.189600944519043,-20.103195190429688
2021-22,spring,2022-03-01,2022-05-16,s1_cr,IN_PENG2025_CCNT,cc_treatment,1,12,-8.573837280273438,-6.398235321044922,-10.333871841430664
2021-22,spring,2022-03-01,2022-05-16,s1_cr,IN_PENG2025_NT,nt_control,0,12,-8.517531394958496,-6.225278854370117,-10.129363059997559
2022-23,corn,2022-06-27,2022-10-14,ndvi,IN_PENG2025_CCNT,cc_treatment,1,22,0.7533929944038391,0.88860684633255,0.3335301876068115
2022-23,corn,2022-06-27,2022-10-14,ndvi,IN_PENG2025_NT,nt_control,0,23,0.7830795645713806,0.9180905222892761,0.3376299738883972
2022-23,corn,2022-06-27,2022-10-14,gcvi,IN_PENG2025_CCNT,cc_treatment,1,22,6.492021083831787,9.629654884338379,1.3996055126190186
2022-23,corn,2022-06-27,2022-10-14,gcvi,IN_PENG2025_NT,nt_control,0,23,7.552201747894287,12.170608520507812,1.4215871095657349
2022-23,corn,2022-06-27,2022-10-14,ndti,IN_PENG2025_CCNT,cc_treatment,1,22,0.34711527824401855,0.442812979221344,0.12095978111028671
2022-23,corn,2022-06-27,2022-10-14,ndti,IN_PENG2025_NT,nt_control,0,23,0.3705960214138031,0.4771280288696289,0.11682657152414322
2022-23,corn,2022-06-27,2022-10-14,sti,IN_PENG2025_CCNT,cc_treatment,1,22,2.129349708557129,2.5993432998657227,1.2764772176742554
2022-23,corn,2022-06-27,2022-10-14,sti,IN_PENG2025_NT,nt_control,0,23,2.2529873847961426,2.8262953758239746,1.2647722959518433
2022-23,corn,2022-06-27,2022-10-14,lstrel,IN_PENG2025_CCNT,cc_treatment,1,15,-0.30050212144851685,1.6802836656570435,-2.4904160499572754
2022-23,corn,2022-06-27,2022-10-14,lstrel,IN_PENG2025_NT,nt_control,0,15,-0.1321144998073578,2.6294729709625244,-2.414100170135498
2022-23,corn,2022-06-27,2022-10-14,s1_vv,IN_PENG2025_CCNT,cc_treatment,1,17,-9.602509498596191,-8.535013198852539,-11.224217414855957
2022-23,corn,2022-06-27,2022-10-14,s1_vv,IN_PENG2025_NT,nt_control,0,17,-9.395166397094727,-7.409124851226807,-10.918044090270996
2022-23,corn,2022-06-27,2022-10-14,s1_vh,IN_PENG2025_CCNT,cc_treatment,1,17,-15.369366645812988,-14.041489601135254,-18.012126922607422
2022-23,corn,2022-06-27,2022-10-14,s1_vh,IN_PENG2025_NT,nt_control,0,17,-15.315930366516113,-13.462447166442871,-17.76263999938965
2022-23,corn,2022-06-27,2022-10-14,s1_cr,IN_PENG2025_CCNT,cc_treatment,1,17,-5.766857147216797,-5.264402389526367,-7.292512893676758
2022-23,corn,2022-06-27,2022-10-14,s1_cr,IN_PENG2025_NT,nt_control,0,17,-5.92076301574707,-5.450289726257324,-7.669765472412109
2022-23,postharvest,2022-10-29,2023-05-18,ndvi,IN_PENG2025_CCNT,cc_treatment,1,20,0.30333659052848816,0.5110138654708862,0.19001753628253937
2022-23,postharvest,2022-10-29,2023-05-18,ndvi,IN_PENG2025_NT,nt_control,0,20,0.24286815524101257,0.3796582818031311,0.1525341272354126
2022-23,postharvest,2022-10-29,2023-05-18,gcvi,IN_PENG2025_CCNT,cc_treatment,1,20,1.4712496995925903,2.5630035400390625,0.8512548208236694
2022-23,postharvest,2022-10-29,2023-05-18,gcvi,IN_PENG2025_NT,nt_control,0,20,1.2556936740875244,2.5512146949768066,0.724065363407135
2022-23,postharvest,2022-10-29,2023-05-18,ndti,IN_PENG2025_CCNT,cc_treatment,1,20,0.1664201319217682,0.2557915151119232,0.07763165235519409
2022-23,postharvest,2022-10-29,2023-05-18,ndti,IN_PENG2025_NT,nt_control,0,20,0.15574681758880615,0.2582913637161255,0.07127183675765991
2022-23,postharvest,2022-10-29,2023-05-18,sti,IN_PENG2025_CCNT,cc_treatment,1,20,1.4083234071731567,1.6883846521377563,1.1689939498901367
2022-23,postharvest,2022-10-29,2023-05-18,sti,IN_PENG2025_NT,nt_control,0,20,1.3784635066986084,1.6966432332992554,1.1535773277282715
2022-23,postharvest,2022-10-29,2023-05-18,lstrel,IN_PENG2025_CCNT,cc_treatment,1,15,-0.08889679610729218,0.9355947375297546,-2.17824125289917
2022-23,postharvest,2022-10-29,2023-05-18,lstrel,IN_PENG2025_NT,nt_control,0,15,-0.12080048769712448,1.282323956489563,-2.346351385116577
2022-23,postharvest,2022-10-29,2023-05-18,s1_vv,IN_PENG2025_CCNT,cc_treatment,1,32,-9.167854309082031,-6.520252227783203,-12.381333351135254
2022-23,postharvest,2022-10-29,2023-05-18,s1_vv,IN_PENG2025_NT,nt_control,0,32,-9.250762939453125,-6.982512474060059,-12.686047554016113
2022-23,postharvest,2022-10-29,2023-05-18,s1_vh,IN_PENG2025_CCNT,cc_treatment,1,32,-16.13455581665039,-13.08527946472168,-20.821395874023438
2022-23,postharvest,2022-10-29,2023-05-18,s1_vh,IN_PENG2025_NT,nt_control,0,32,-16.624547958374023,-13.608075141906738,-21.60841941833496
2022-23,postharvest,2022-10-29,2023-05-18,s1_cr,IN_PENG2025_CCNT,cc_treatment,1,32,-6.966701507568359,-5.282201766967773,-8.440062522888184
2022-23,postharvest,2022-10-29,2023-05-18,s1_cr,IN_PENG2025_NT,nt_control,0,32,-7.373785018920898,-5.270317077636719,-9.836838722229004
2023-24,spring,2024-03-01,2024-05-15,ndvi,IN_PENG2025_CCNT,cc_treatment,1,9,0.39315927028656006,0.47753849625587463,0.2864879369735718
2023-24,spring,2024-03-01,2024-05-15,ndvi,IN_PENG2025_NT,nt_control,0,9,0.4188903868198395,0.5123808979988098,0.2900366187095642
2023-24,spring,2024-03-01,2024-05-15,gcvi,IN_PENG2025_CCNT,cc_treatment,1,9,1.758687973022461,2.216830015182495,1.2728631496429443
2023-24,spring,2024-03-01,2024-05-15,gcvi,IN_PENG2025_NT,nt_control,0,9,1.8864718675613403,2.358179807662964,1.3069603443145752
2023-24,spring,2024-03-01,2024-05-15,ndti,IN_PENG2025_CCNT,cc_treatment,1,9,0.18128569424152374,0.2533682584762573,0.126486673951149
2023-24,spring,2024-03-01,2024-05-15,ndti,IN_PENG2025_NT,nt_control,0,9,0.1899338811635971,0.25870105624198914,0.1308060735464096
2023-24,spring,2024-03-01,2024-05-15,sti,IN_PENG2025_CCNT,cc_treatment,1,9,1.4503966569900513,1.6821544170379639,1.29024338722229
2023-24,spring,2024-03-01,2024-05-15,sti,IN_PENG2025_NT,nt_control,0,9,1.4750884771347046,1.699000597000122,1.3013427257537842
2023-24,spring,2024-03-01,2024-05-15,lstrel,IN_PENG2025_CCNT,cc_treatment,1,8,-0.7757347822189331,-0.19950450956821442,-1.4484223127365112
2023-24,spring,2024-03-01,2024-05-15,lstrel,IN_PENG2025_NT,nt_control,0,8,-0.47911715507507324,0.543668270111084,-1.0015578269958496
2023-24,spring,2024-03-01,2024-05-15,s1_vv,IN_PENG2025_CCNT,cc_treatment,1,11,-8.623783111572266,-6.8810296058654785,-9.635544776916504
2023-24,spring,2024-03-01,2024-05-15,s1_vv,IN_PENG2025_NT,nt_control,0,11,-8.624236106872559,-6.868253707885742,-9.868993759155273
2023-24,spring,2024-03-01,2024-05-15,s1_vh,IN_PENG2025_CCNT,cc_treatment,1,11,-16.670747756958008,-14.610657691955566,-18.940265655517578
2023-24,spring,2024-03-01,2024-05-15,s1_vh,IN_PENG2025_NT,nt_control,0,11,-16.4923152923584,-13.973114013671875,-18.913633346557617
2023-24,spring,2024-03-01,2024-05-15,s1_cr,IN_PENG2025_CCNT,cc_treatment,1,11,-8.046965599060059,-6.545716285705566,-9.6207914352417
2023-24,spring,2024-03-01,2024-05-15,s1_cr,IN_PENG2025_NT,nt_control,0,11,-7.868079662322998,-5.949140548706055,-9.823680877685547
